lga_name,year,risk_prob,risk_label,fold
Eastern Obolo,2013,0.00616247346624732,0,0
Ekeremor,2013,0.005562569014728069,0,0
Degema,2013,0.011208255775272846,0,0
Andoni,2013,0.006042817607522011,0,0
Akpabuyo,2013,0.9956170320510864,1,0
Oron,2013,0.9954930543899536,1,0
Bakassi,2013,0.0068792118690907955,0,0
Calabar South,2013,0.005155960563570261,0,0
Udung Uko,2013,0.00616247346624732,0,0
Southern Ijaw,2013,0.9955276846885681,1,0
Iwajowa,2013,0.004703287500888109,0,3
Ibarapa North,2013,0.9964152574539185,1,3
Okrika,2013,0.9956170320510864,1,0
Imeko Afon,2013,0.004703287500888109,0,3
Ibeno,2013,0.00616247346624732,0,0
Nembe,2013,0.9949640035629272,1,0
Ilaje,2013,0.9961439371109009,1,3
Brass,2013,0.9463450908660889,1,0
Warri North,2013,0.004703287500888109,0,3
Ese Odo,2013,0.004915881901979446,0,3
Jalingo,2013,0.003077610395848751,0,4
Burutu,2013,0.9906027317047119,1,0
Girei,2013,0.0060389782302081585,0,4
Yorro,2013,0.002989356406033039,0,4
Ardo-Kola,2013,0.007844535633921623,0,4
Yola North,2013,0.9957103729248047,1,4
Yola South,2013,0.9965308308601379,1,4
Mbo,2013,0.9954930543899536,1,0
Lau,2013,0.9971246123313904,1,4
Ibarapa Central,2013,0.004915881901979446,0,3
Abeokuta North,2013,0.004915881901979446,0,3
Bonny,2013,0.005464069079607725,0,0
Warri South-West,2013,0.014657579362392426,0,0
Warri South,2013,0.005155960563570261,0,0
Akuku Toru,2013,0.9952380657196045,1,0
Isokan,2013,0.004568459466099739,0,3
Irewole,2013,0.004568459466099739,0,3
Essien Udim,2013,0.01005017664283514,0,0
Onna,2013,0.00616247346624732,0,0
Udenu,2013,0.9948623776435852,1,0
Ogu Bolo,2013,0.0058769830502569675,0,0
Enugu South,2013,0.9948623776435852,1,0
Ikot Ekpene,2013,0.0058769830502569675,0,0
Nsit Ubium,2013,0.0058769830502569675,0,0
Urue Offong/Oruko,2013,0.9954930543899536,1,0
Abak,2013,0.0058769830502569675,0,0
Nkanu East,2013,0.9954342246055603,1,0
Igbo-Eze-South,2013,0.005155960563570261,0,0
Nsukka,2013,0.005155960563570261,0,0
Tai,2013,0.9954930543899536,1,0
Ife North,2013,0.004568459466099739,0,3
Ayedade,2013,0.004915881901979446,0,3
Ayedire,2013,0.004915881901979446,0,3
Ahoada East,2013,0.9954930543899536,1,0
Iseyin,2013,0.004915881901979446,0,3
Itesiwaju,2013,0.004703287500888109,0,3
Kajola,2013,0.004568459466099739,0,3
Nkanu West,2013,0.9948623776435852,1,0
Afikpo North,2013,0.005155960563570261,0,0
Donga,2013,0.014771390706300735,0,0
Oji-River,2013,0.005155960563570261,0,0
Oyun,2013,0.004915881901979446,0,3
Ogbia,2013,0.9954930543899536,1,0
Asari-Toru,2013,0.005464069079607725,0,0
Uyo,2013,0.005155960563570261,0,0
Ikono,2013,0.00616247346624732,0,0
Baruten,2013,0.004703287500888109,0,3
Lagelu,2013,0.004648817703127861,0,3
Idah,2013,0.005155960563570261,0,0
Machina,2013,0.9956068396568298,1,1
Ibaji,2013,0.9953413009643555,1,0
Municipal Area Council,2013,0.0035672124940901995,0,1
Kaiama,2013,0.004703287500888109,0,3
Bakura,2013,0.997393012046814,1,2
Nguru,2013,0.0036977354902774096,0,1
Gummi,2013,0.997393012046814,1,2
Ajingi,2013,0.0037619362119585276,0,1
Port-Harcourt,2013,0.9948623776435852,1,0
Augie,2013,0.9971011281013489,1,2
Kebbe,2013,0.9973171353340149,1,2
Surulere,2013,0.004915881901979446,0,3
Ringim,2013,0.9951700568199158,1,1
Emuoha,2013,0.005562569014728069,0,0
Isi-Uzo,2013,0.005464069079607725,0,0
Yenegoa,2013,0.005155960563570261,0,0
Ilorin East,2013,0.9904690384864807,1,3
Alkaleri,2013,0.9974043965339661,1,4
Omumma,2013,0.0058769830502569675,0,0
Birnin Kudu,2013,0.995388388633728,1,1
Takum,2013,0.9949640035629272,1,0
Esan South-East,2013,0.005562569014728069,0,0
Ifedayo,2013,0.9963093400001526,1,3
Ori Ire,2013,0.004703287500888109,0,3
Ifelodun,2013,0.004703287500888109,0,3
Maradun,2013,0.997393012046814,1,2
Aninri,2013,0.9948731064796448,1,0
Abakaliki,2013,0.9948623776435852,1,0
Pategi,2013,0.9966589212417603,1,3
Biriniwa,2013,0.9955664277076721,1,1
Ussa,2013,0.9835802912712097,1,0
Silame,2013,0.9971011281013489,1,2
Takai,2013,0.9954019784927368,1,1
Bwari,2013,0.0035672124940901995,0,1
Edu,2013,0.9782147407531738,1,3
Jema'A,2013,0.003985516726970673,0,1
Gumel,2013,0.9954019784927368,1,1
Binji,2013,0.0029325918294489384,0,2
Kware,2013,0.9973171353340149,1,2
Bunza,2013,0.9971011281013489,1,2
Mopa-Muro,2013,0.004703287500888109,0,3
Sokoto North,2013,0.9970470070838928,1,2
Musawa,2013,0.9953943490982056,1,1
Ethiope West,2013,0.005464069079607725,0,0
Ishielu,2013,0.9948623776435852,1,0
Sakaba,2013,0.9967644214630127,1,2
Kudan,2013,0.003882527118548751,0,1
Kachia,2013,0.9955664277076721,1,1
Sabon Birni,2013,0.997393012046814,1,2
Uzo-Uwani,2013,0.9953413009643555,1,0
Jaba,2013,0.9953943490982056,1,1
Ibesikpo Asutan,2013,0.9954930543899536,1,0
Sokoto South,2013,0.018240541219711304,0,2
Yabo,2013,0.9971011281013489,1,2
Damboa,2013,0.0031950122211128473,0,4
Matazu,2013,0.9953943490982056,1,1
Sandamu,2013,0.9759722948074341,1,1
Mashi,2013,0.995448887348175,1,1
Dan Musa,2013,0.9767289161682129,1,1
Kura,2013,0.9954019784927368,1,1
Lere,2013,0.9955664277076721,1,1
Zango,2013,0.9767289161682129,1,1
Wurno,2013,0.05816572532057762,0,2
Gudu,2013,0.9972320199012756,1,2
Gwiwa,2013,0.9954904913902283,1,1
Birnin Kebbi,2013,0.9968746900558472,1,2
Suru,2013,0.9971790313720703,1,2
Numan,2013,0.9950939416885376,1,4
Biu,2013,0.003311495529487729,0,4
Kaduna South,2013,0.0035672124940901995,0,1
Dikwa,2013,0.9973098039627075,1,4
Zaria,2013,0.0038078008219599724,0,1
Kalgo,2013,0.9973171353340149,1,2
Yankwashi,2013,0.9954019784927368,1,1
Kaura,2013,0.003801426850259304,0,1
Lamurde,2013,0.9973098039627075,1,4
Monguno,2013,0.0028345210012048483,0,4
Enugu East,2013,0.9948623776435852,1,0
Ngala,2013,0.003311495529487729,0,4
Gubio,2013,0.003311495529487729,0,4
Yagba East,2013,0.004915881901979446,0,3
Chibok,2013,0.0032440433278679848,0,4
Tureta,2013,0.9973171353340149,1,2
Gashaka,2013,0.9866922497749329,1,4
Bauchi,2013,0.9922583699226379,1,1
Hawul,2013,0.003311495529487729,0,4
Uruan,2013,0.9954930543899536,1,0
Mayo-Belwa,2013,0.9948399662971497,1,4
Mubi South,2013,0.9973057508468628,1,4
Etsako West,2013,0.005464069079607725,0,0
Fune,2013,0.9973098039627075,1,4
Mobbar,2013,0.0031950122211128473,0,4
Potiskum,2013,0.9973651766777039,1,4
Gwoza,2013,0.9953603148460388,1,4
Guzamala,2013,0.003311495529487729,0,4
Maiha,2013,0.9972074627876282,1,4
Gulani,2013,0.9973098039627075,1,4
Zing,2013,0.42225000262260437,0,4
Orelope,2013,0.0050458949990570545,0,3
Nsit Ibom,2013,0.00616247346624732,0,0
Fufore,2013,0.9946000576019287,1,4
Mkpat Enin,2013,0.00616247346624732,0,0
Owan West,2013,0.004852058831602335,0,3
Kaga,2013,0.003311495529487729,0,4
Karim Lamido,2013,0.9644179940223694,1,4
Kukawa,2013,0.0031950122211128473,0,4
Gombi,2013,0.9431784152984619,1,4
Guyuk,2013,0.9973311424255371,1,4
Tudun Wada,2013,0.995388388633728,1,1
Saki West,2013,0.9960418939590454,1,3
Toungo,2013,0.9950939416885376,1,4
Abua/Odual,2013,0.9956170320510864,1,0
Bungudu,2013,0.9969483017921448,1,2
Shani,2013,0.0054518780671060085,0,4
Shagari,2013,0.9971790313720703,1,2
Yunusari,2013,0.9974043965339661,1,4
Ganye,2013,0.9954023361206055,1,4
Jada,2013,0.003077962901443243,0,4
Bali,2013,0.9972074627876282,1,4
Shelleng,2013,0.9961234927177429,1,4
Okitipupa,2013,0.004915881901979446,0,3
Bayo,2013,0.003311495529487729,0,4
Ikot Abasi,2013,0.00616247346624732,0,0
Maiduguri,2013,0.00290466146543622,0,4
Gujba,2013,0.9970669150352478,1,4
Esan North-East,2013,0.005166767630726099,0,0
Tafawa-Balewa,2013,0.00819510780274868,0,1
Nangere,2013,0.9971246123313904,1,4
Ika,2013,0.00616247346624732,0,0
Dambam,2013,0.9970669150352478,1,4
Ganjuwa,2013,0.9956068396568298,1,1
Nganzai,2013,0.0031950122211128473,0,4
Ahoada West,2013,0.01005017664283514,0,0
Song,2013,0.9973098039627075,1,4
Oshimili North,2013,0.005554592702537775,0,0
Gokana,2013,0.006495970766991377,0,0
Bukkuyum,2013,0.9972590208053589,1,2
Damaturu,2013,0.9974043965339661,1,4
Geidam,2013,0.9974043965339661,1,4
Tarmuwa,2013,0.9974043965339661,1,4
Madagali,2013,0.9955704808235168,1,4
Michika,2013,0.9949705004692078,1,4
Mubi North,2013,0.9954023361206055,1,4
Owan East,2013,0.0050458949990570545,0,3
Hong,2013,0.005442601162940264,0,4
Nassarawa,2013,0.9955300688743591,1,1
Sabuwa,2013,0.9952652454376221,1,1
Ohaozara,2013,0.9948623776435852,1,0
Kaura Namoda,2013,0.997393012046814,1,2
Dutsi,2013,0.9953943490982056,1,1
Kabo,2013,0.9954904913902283,1,1
Dandume,2013,0.9767289161682129,1,1
Dawakin Tofa,2013,0.9952661991119385,1,1
Gezawa,2013,0.9954019784927368,1,1
Bodinga,2013,0.9972199201583862,1,2
Zurmi,2013,0.9972590208053589,1,2
Warawa,2013,0.9953597187995911,1,1
Tangaza,2013,0.9971011281013489,1,2
Maigatari,2013,0.9953460097312927,1,1
Danja,2013,0.003801426850259304,0,1
Fagge,2013,0.99561607837677,1,1
Jibia,2013,0.002809290075674653,0,2
Eleme,2013,0.011388536542654037,0,0
Bebeji,2013,0.9954019784927368,1,1
Rano,2013,0.9953460097312927,1,1
Tarauni,2013,0.9955300688743591,1,1
Etinan,2013,0.00616247346624732,0,0
Yewa South,2013,0.9965704679489136,1,3
Argungu,2013,0.0027224698569625616,0,2
Kiru,2013,0.9953460097312927,1,1
Batagarawa,2013,0.9953943490982056,1,1
Bomadi,2013,0.9954930543899536,1,0
Kwaya Kusar,2013,0.0031901926267892122,0,4
Igbo-Etiti,2013,0.9948623776435852,1,0
Doguwa,2013,0.9955207109451294,1,1
Bade,2013,0.9970669150352478,1,4
Itu,2013,0.9954930543899536,1,0
Bama,2013,0.0031950122211128473,0,4
Gada,2013,0.9972590208053589,1,2
Gusau,2013,0.9969483017921448,1,2
Lagos Mainland,2013,0.9962708950042725,1,3
Kaita,2013,0.9767289161682129,1,1
Minjibir,2013,0.9953039884567261,1,1
Ini,2013,0.0058769830502569675,0,0
Talata Mafara,2013,0.0027857704553753138,0,2
Gwandu,2013,0.9966643452644348,1,2
Birnin Magaji-Kiyaw,2013,0.9972199201583862,1,2
Shanono,2013,0.9954019784927368,1,1
Rogo,2013,0.995388388633728,1,1
Batsari,2013,0.9951700568199158,1,1
Eket,2013,0.9404356479644775,1,0
Okobo,2013,0.00616247346624732,0,0
Kano Municipal,2013,0.0035672124940901995,0,1
Bursari,2013,0.9972338080406189,1,4
Maiyama,2013,0.002988446969538927,0,2
Lagos Island,2013,0.9963731169700623,1,3
Madobi,2013,0.9951889514923096,1,1
Miga,2013,0.9954794645309448,1,1
Rimi,2013,0.9759722948074341,1,1
Gabasawa,2013,0.9954019784927368,1,1
Aleiro,2013,0.9971011281013489,1,2
Ungogo,2013,0.9950922727584839,1,1
Tambuwal,2013,0.0053652068600058556,0,2
Jega,2013,0.009726096875965595,0,2
Katsina,2013,0.009012171998620033,0,1
Dawakin Kudu,2013,0.9953039884567261,1,1
Arewa Dandi,2013,0.997393012046814,1,2
Etim Ekpo,2013,0.00616247346624732,0,0
Albasu,2013,0.9954019784927368,1,1
Marte,2013,0.003311495529487729,0,4
Kumbotso,2013,0.9955300688743591,1,1
Kazaure,2013,0.9954019784927368,1,1
Malumfashi,2013,0.003801426850259304,0,1
Udi,2013,0.005155960563570261,0,0
Dutse,2013,0.9951700568199158,1,1
Gwaram,2013,0.9955664277076721,1,1
Zangon Kataf,2013,0.003873118432238698,0,1
Kiyawa,2013,0.9956068396568298,1,1
Zaki,2013,0.9968926310539246,1,4
Opobo/Nkoro,2013,0.011010902002453804,0,0
Shira,2013,0.995448887348175,1,1
Dass,2013,0.9954904913902283,1,1
Enugu North,2013,0.9948623776435852,1,0
Buji,2013,0.9956068396568298,1,1
Ukanafun,2013,0.9949840307235718,1,0
Agaie,2013,0.9782147407531738,1,3
Bagwai,2013,0.9954904913902283,1,1
Kajuru,2013,0.003985516726970673,0,1
Katcha,2013,0.01887890137732029,0,3
Kafur,2013,0.9767289161682129,1,1
Wasagu-Danko,2013,0.9972590208053589,1,2
Bida,2013,0.004915881901979446,0,3
Kirfi,2013,0.9974043965339661,1,4
Dandi,2013,0.9971389770507812,1,2
Bagudu,2013,0.997393012046814,1,2
Kankara,2013,0.9953943490982056,1,1
Itas/Gadau,2013,0.9955664277076721,1,1
Apapa,2013,0.004648817703127861,0,3
Ondo East,2013,0.004915881901979446,0,3
Warji,2013,0.9954904913902283,1,1
Katagum,2013,0.9973098039627075,1,4
Mani,2013,0.007889875210821629,0,1
Sanga,2013,0.009648185223340988,0,1
Bogoro,2013,0.9954904913902283,1,1
Fika,2013,0.9972338080406189,1,4
Kuje,2013,0.9955276846885681,1,0
Sule Tankarkar,2013,0.9955664277076721,1,1
Ibadan North East,2013,0.004648817703127861,0,3
Bindawa,2013,0.9767289161682129,1,1
Ilorin South,2013,0.004648817703127861,0,3
Gamawa,2013,0.9973098039627075,1,4
Kafin Hausa,2013,0.9953460097312927,1,1
Ado Odo/Ota,2013,0.9963731169700623,1,3
Garko,2013,0.9953597187995911,1,1
Kubau,2013,0.0039491206407547,0,1
Wukari,2013,0.006156728602945805,0,4
Gwarzo,2013,0.9954019784927368,1,1
Oyigbo,2013,0.010610289871692657,0,0
Ughelli South,2013,0.006560736335813999,0,0
Fakai,2013,0.9973171353340149,1,2
Kaugama,2013,0.9954794645309448,1,1
Esan Central,2013,0.005155960563570261,0,0
Goronyo,2013,0.997393012046814,1,2
Ibarapa East,2013,0.004915881901979446,0,3
Ikpoba-Okha,2013,0.004568459466099739,0,3
Awgu,2013,0.006042817607522011,0,0
Olorunsogo,2013,0.004703287500888109,0,3
Kabba/Bunu,2013,0.004703287500888109,0,3
Ningi,2013,0.9955664277076721,1,1
Kurmi,2013,0.9835802912712097,1,0
Bakori,2013,0.9756670594215393,1,1
Nsit Atai,2013,0.00616247346624732,0,0
Kankia,2013,0.9767289161682129,1,1
Gagarawa,2013,0.9955664277076721,1,1
Giade,2013,0.9954904913902283,1,1
Iguegben,2013,0.005166767630726099,0,0
Akure North,2013,0.004915881901979446,0,3
Khana,2013,0.006042817607522011,0,0
Oruk Anam,2013,0.00616247346624732,0,0
Misau,2013,0.9969964027404785,1,4
Kolokuma/Opokuma,2013,0.9624494910240173,1,0
Karaye,2013,0.9951889514923096,1,1
Sagbama,2013,0.9650413990020752,1,0
Garki,2013,0.9955207109451294,1,1
Mai'Adua,2013,0.9759722948074341,1,1
Ezza North,2013,0.9954930543899536,1,0
Ibi,2013,0.9954375624656677,1,1
Omala,2013,0.005685659125447273,0,0
Ile Oluji/Okeigbo,2013,0.004915881901979446,0,3
Baure,2013,0.9767289161682129,1,1
Dutsin Ma,2013,0.003801426850259304,0,1
Uhunmwonde,2013,0.00525993388146162,0,0
Taura,2013,0.9954794645309448,1,1
Ughelli North,2013,0.0058740777894854546,0,0
Orhionmwon,2013,0.005759823136031628,0,0
Soba,2013,0.0036247374955564737,0,1
Karasuwa,2013,0.9968926310539246,1,4
Ondo West,2013,0.9963093400001526,1,3
Ika South,2013,0.9948623776435852,1,0
Oye,2013,0.9960418939590454,1,3
Bichi,2013,0.9952661991119385,1,1
Kwali,2013,0.9959348440170288,1,3
Oyo West,2013,0.004915881901979446,0,3
Kusada,2013,0.9767289161682129,1,1
Roni,2013,0.9954904913902283,1,1
Toro,2013,0.9955664277076721,1,1
Akure South,2013,0.004648817703127861,0,3
Igabi,2013,0.0037619362119585276,0,1
Okene,2013,0.004648817703127861,0,3
Onitsha South,2013,0.9631223678588867,1,0
Agatu,2013,0.9953413009643555,1,0
Dala,2013,0.0035672124940901995,0,1
Anka,2013,0.9971389770507812,1,2
Tofa,2013,0.008670094422996044,0,1
Ingawa,2013,0.9953943490982056,1,1
Uvwie,2013,0.006042817607522011,0,0
Idanre,2013,0.004703287500888109,0,3
Okpe,2013,0.0063177794218063354,0,0
Anambra West,2013,0.9644302725791931,1,0
Mushin,2013,0.9963731169700623,1,3
Shagamu,2013,0.010699938982725143,0,3
Biase,2013,0.0068792118690907955,0,0
Gaya,2013,0.9953597187995911,1,1
Charanchi,2013,0.9756670594215393,1,1
Etsako Central,2013,0.00525993388146162,0,0
Darazo,2013,0.9974043965339661,1,4
Ijumu,2013,0.004915881901979446,0,3
Irepodun,2013,0.9964767098426819,1,3
Egbeda,2013,0.004648817703127861,0,3
Akoko South East,2013,0.004568459466099739,0,3
Faskari,2013,0.00819510780274868,0,1
Makarfi,2013,0.003882527118548751,0,1
Udu,2013,0.005542978644371033,0,0
Bunkure,2013,0.9953597187995911,1,1
Funtua,2013,0.0035672124940901995,0,1
Dambatta,2013,0.9953597187995911,1,1
Jakusko,2013,0.003311495529487729,0,4
Gwale,2013,0.9955300688743591,1,1
Babura,2013,0.9952166080474854,1,1
Sapele,2013,0.005464069079607725,0,0
Ika North East,2013,0.0058740777894854546,0,0
Surulere,2013,0.010886969044804573,0,3
Garun Malam,2013,0.9953943490982056,1,1
Offa,2013,0.004648817703127861,0,3
Shomolu,2013,0.004648817703127861,0,3
Makoda,2013,0.9953597187995911,1,1
Rimin Gado,2013,0.9953943490982056,1,1
Yusufari,2013,0.9973098039627075,1,4
Bassa,2013,0.037565018981695175,0,0
Jahun,2013,0.9954794645309448,1,1
Kurfi,2013,0.003801426850259304,0,1
Esan West,2013,0.9948623776435852,1,0
Kaduna North,2013,0.003916992340236902,0,1
Daura,2013,0.9755105972290039,1,1
Gassol,2013,0.0033552658278495073,0,4
Auyo,2013,0.9953943490982056,1,1
Wudil,2013,0.9950922727584839,1,1
Ikara,2013,0.003882527118548751,0,1
Ifedore,2013,0.004568459466099739,0,3
Lavun,2013,0.9966589212417603,1,3
Dange Shuni,2013,0.9972199201583862,1,2
Yewa North,2013,0.0050458949990570545,0,3
Tsafe,2013,0.997393012046814,1,2
Ekiti,2013,0.004915881901979446,0,3
Zuru,2013,0.9969712495803833,1,2
Yagba West,2013,0.004915881901979446,0,3
Kogi,2013,0.005685659125447273,0,0
Olamaboro,2013,0.01463252492249012,0,0
Odigbo,2013,0.9966589212417603,1,3
Agege,2013,0.010886969044804573,0,3
Kibiya,2013,0.9954019784927368,1,1
Isin,2013,0.004915881901979446,0,3
Sabon Gari,2013,0.0035672124940901995,0,1
Malam Madori,2013,0.9954904913902283,1,1
Lokoja,2013,0.9952380657196045,1,0
Ede South,2013,0.004568459466099739,0,3
Giwa,2013,0.003985516726970673,0,1
Ikole,2013,0.004915881901979446,0,3
Kunchi,2013,0.9954904913902283,1,1
Guri,2013,0.9955207109451294,1,1
Maru,2013,0.9972590208053589,1,2
Dukku,2013,0.9972338080406189,1,4
Wamakko,2013,0.9972199201583862,1,2
Oke Ero,2013,0.004915881901979446,0,3
Oshodi/Isolo,2013,0.004648817703127861,0,3
Abadam,2013,0.0028345210012048483,0,4
Moba,2013,0.9963093400001526,1,3
Gwagwalada,2013,0.0035672124940901995,0,1
Kagarko,2013,0.9955664277076721,1,1
Abaji,2013,0.011508258059620857,0,3
Sardauna,2013,0.08457733690738678,0,0
Shanga,2013,0.9971011281013489,1,2
Birnin Gwari,2013,0.003031153231859207,0,2
Ngaski,2013,0.9971011281013489,1,2
Chikun,2013,0.0036247374955564737,0,1
Yauri,2013,0.9973171353340149,1,2
Kauru,2013,0.008433448150753975,0,1
Demsa,2013,0.0034098413307219744,0,4
Umuahia South,2013,0.0058769830502569675,0,0
Obokun,2013,0.9965704679489136,1,3
Owerri West,2013,0.9948623776435852,1,0
Nasarawa,2013,0.005685659125447273,0,0
Idemili South,2013,0.005155960563570261,0,0
Aba North,2013,0.005155960563570261,0,0
Odeda,2013,0.004703287500888109,0,3
Ijebu East,2013,0.0049764555878937244,0,3
Okpokwu,2013,0.0058769830502569675,0,0
Shomgom,2013,0.005442601162940264,0,4
Ado-Ekiti,2013,0.05683934688568115,0,3
Ahiazu-Mbaise,2013,0.9948623776435852,1,0
Ankpa,2013,0.005464069079607725,0,0
Nkwerre,2013,0.9948623776435852,1,0
Apa,2013,0.9953413009643555,1,0
Kwande,2013,0.9959636926651001,1,0
Ikom,2013,0.005464069079607725,0,0
Ido-Osi,2013,0.010699938982725143,0,3
Ukwa East,2013,0.9954342246055603,1,0
Ukwa West,2013,0.06838515400886536,0,0
Nnewi South,2013,0.9631223678588867,1,0
Bende,2013,0.9954930543899536,1,0
Okigwe,2013,0.01463252492249012,0,0
Jama'Are,2013,0.9953943490982056,1,1
Kokona,2013,0.9954375624656677,1,1
Mafa,2013,0.003311495529487729,0,4
Akko,2013,0.9697442650794983,1,4
Ushongo,2013,0.9959636926651001,1,0
Ehime-Mbano,2013,0.005155960563570261,0,0
Ideato South,2013,0.9948623776435852,1,0
Ife South,2013,0.9964767098426819,1,3
Oyi,2013,0.9631223678588867,1,0
Ekiti South-West,2013,0.004568459466099739,0,3
Ayamelum,2013,0.9951521158218384,1,0
Aboh-Mbaise,2013,0.005155960563570261,0,0
Ilejemeje,2013,0.010699938982725143,0,3
Mbatoli,2013,0.9948623776435852,1,0
Akamkpa,2013,0.9954012632369995,1,0
Obi Nwga,2013,0.9954342246055603,1,0
Logo,2013,0.9959636926651001,1,0
Guma,2013,0.9959636926651001,1,0
Ogoja,2013,0.005801319144666195,0,0
Ohafia,2013,0.9942824840545654,1,0
Orumba North,2013,0.005155960563570261,0,0
Ado,2013,0.9954930543899536,1,0
Toto,2013,0.9949640035629272,1,0
Egbedore,2013,0.004915881901979446,0,3
Owerri North,2013,0.9948623776435852,1,0
Idemili North,2013,0.005155960563570261,0,0
Isiala-Ngwa South,2013,0.9954342246055603,1,0
Funakaye,2013,0.9973098039627075,1,4
Katsina-Ala,2013,0.995469331741333,1,0
Mokwa,2013,0.004703287500888109,0,3
Aba South,2013,0.9942824840545654,1,0
Edati,2013,0.004915881901979446,0,3
Odogbolu,2013,0.00478527182713151,0,3
Balanga,2013,0.9973098039627075,1,4
Ijebu North East,2013,0.004568459466099739,0,3
Oturkpo,2013,0.005464069079607725,0,0
Abi,2013,0.0068792118690907955,0,0
Ideato North,2013,0.9954342246055603,1,0
Oriade,2013,0.004852058831602335,0,3
Illela,2013,0.9969991445541382,1,2
Nwangele,2013,0.9948623776435852,1,0
Ife East,2013,0.004568459466099739,0,3
Obanliku,2013,0.005685659125447273,0,0
Onuimo,2013,0.9948623776435852,1,0
Qua'An Pan,2013,0.9671047925949097,1,1
Ngor-Okpala,2013,0.9948623776435852,1,0
Ona Ara,2013,0.004648817703127861,0,3
Igbo-Eze North,2013,0.01645594649016857,0,0
Oju,2013,0.9951521158218384,1,0
Boluwaduro,2013,0.010699938982725143,0,3
Shinkafi,2013,0.9971389770507812,1,2
Orsu,2013,0.9948623776435852,1,0
Anaocha,2013,0.005155960563570261,0,0
Bekwarra,2013,0.0068792118690907955,0,0
Umu-Nneochi,2013,0.06838515400886536,0,0
Ose,2013,0.9841651916503906,1,3
Nnewi North,2013,0.9631223678588867,1,0
Akoko North West,2013,0.004568459466099739,0,3
Ilesha East,2013,0.004648817703127861,0,3
Njikoka,2013,0.9623734354972839,1,0
Ohaji/Egbema,2013,0.9951521158218384,1,0
Gombe,2013,0.9973651766777039,1,4
Owerri Municipal,2013,0.9948623776435852,1,0
Keana,2013,0.9949640035629272,1,0
Ohaukwu,2013,0.9948623776435852,1,0
Gbonyin,2013,0.004568459466099739,0,3
Isiala Mbano,2013,0.9948623776435852,1,0
Irepodun/Ifelodun,2013,0.004568459466099739,0,3
Obowo,2013,0.005801319144666195,0,0
Isuikwuato,2013,0.005801319144666195,0,0
Makurdi,2013,0.005155960563570261,0,0
Gboko,2013,0.9951521158218384,1,0
Ife Central,2013,0.004648817703127861,0,3
Isiala-Ngwa North,2013,0.005801319144666195,0,0
Yakurr,2013,0.9956170320510864,1,0
Billiri,2013,0.9969964027404785,1,4
Dunukofia,2013,0.9942824840545654,1,0
Osisioma Ngwa,2013,0.06838515400886536,0,0
Ola Oluwa,2013,0.004915881901979446,0,3
Wamba,2013,0.9953166246414185,1,1
Boripe,2013,0.004648817703127861,0,3
Yala,2013,0.010674786753952503,0,0
Aguata,2013,0.005155960563570261,0,0
Calabar Municipal,2013,0.005155960563570261,0,0
Onitsha North,2013,0.009684204123914242,0,0
Ukum,2013,0.995469331741333,1,0
Isa,2013,0.005213194526731968,0,2
Ogun Waterside,2013,0.004703287500888109,0,3
Ifelodun,2013,0.004648817703127861,0,3
Arochukwu,2013,0.9954930543899536,1,0
Ijebu Ode,2013,0.004648817703127861,0,3
Magumeri,2013,0.0031950122211128473,0,4
Boki,2013,0.005685659125447273,0,0
Kwami,2013,0.9974043965339661,1,4
Ekiti East,2013,0.004568459466099739,0,3
Moro,2013,0.0049764555878937244,0,3
Ezinihitte,2013,0.9948623776435852,1,0
Kala Balge,2013,0.003311495529487729,0,4
Awe,2013,0.9949640035629272,1,0
Orolu,2013,0.004648817703127861,0,3
Obubra,2013,0.00596191082149744,0,0
Akoko-Edo,2013,0.004915881901979446,0,3
Osogbo,2013,0.9891910552978516,1,3
Ise/Orun,2013,0.011508258059620857,0,3
Njaba,2013,0.9948623776435852,1,0
Obi,2013,0.005801319144666195,0,0
Buruku,2013,0.010890820994973183,0,0
Obudu,2013,0.0068792118690907955,0,0
Orlu,2013,0.005801319144666195,0,0
Iwo,2013,0.004648817703127861,0,3
Awka North,2013,0.9631223678588867,1,0
Tarka,2013,0.9959636926651001,1,0
Umuahia North,2013,0.005155960563570261,0,0
Odo Otin,2013,0.004568459466099739,0,3
Ihiala,2013,0.9948623776435852,1,0
Ilesha West,2013,0.004648817703127861,0,3
Kaltungo,2013,0.9972074627876282,1,4
Irepodun,2013,0.9958142638206482,1,3
Ebonyi,2013,0.005801319144666195,0,0
Lafia,2013,0.9951493144035339,1,1
Ijebu North,2013,0.004915881901979446,0,3
Ndokwa West,2013,0.00597992492839694,0,0
Ikeduru,2013,0.9948623776435852,1,0
Okehi,2013,0.004915881901979446,0,3
Yamaltu/Deba,2013,0.9973098039627075,1,4
Emure,2013,0.010699938982725143,0,3
Ikere,2013,0.004568459466099739,0,3
Oguta,2013,0.9954930543899536,1,0
Konshisha,2013,0.995469331741333,1,0
Ejigbo,2013,0.99016934633255,1,3
Gwer West,2013,0.9959636926651001,1,0
Etung,2013,0.014771390706300735,0,0
Ekwusigo,2013,0.005155960563570261,0,0
Ijero,2013,0.996525228023529,1,3
Ugwunagbo,2013,0.06838515400886536,0,0
Olorunda,2013,0.9963731169700623,1,3
Nasarawa Egon,2013,0.9952652454376221,1,1
Ede North,2013,0.004648817703127861,0,3
Afikpo South,2013,0.9948623776435852,1,0
Oru West,2013,0.011626092717051506,0,0
Anambra East,2013,0.9954930543899536,1,0
Vandeikya,2013,0.9956170320510864,1,0
Atakunmosa West,2013,0.004915881901979446,0,3
Ogbaru,2013,0.011626092717051506,0,0
Ikwuano,2013,0.06838515400886536,0,0
Keffi,2013,0.9949954748153687,1,1
Adavi,2013,0.004852058831602335,0,3
Oru East,2013,0.0058769830502569675,0,0
Remo North,2013,0.00462908111512661,0,3
Karu,2013,0.9924927353858948,1,1
Ikenne,2013,0.9963731169700623,1,3
Ila,2013,0.004915881901979446,0,3
Doma,2013,0.00525993388146162,0,0
Nafada,2013,0.9948652386665344,1,4
Gwer East,2013,0.00611219322308898,0,0
Efon,2013,0.9963093400001526,1,3
Ihitte/Uboma,2013,0.9948623776435852,1,0
Ekiti West,2013,0.008659117855131626,0,3
Atisbo,2013,0.0050458949990570545,0,3
Isu,2013,0.9948623776435852,1,0
Ogbadibo,2013,0.009851725772023201,0,0
Atakunmosa East,2013,0.004915881901979446,0,3
Akwanga,2013,0.9788774847984314,1,1
Rafi,2013,0.0028671924956142902,0,2
Odukpani,2013,0.9954342246055603,1,0
Gbako,2013,0.004703287500888109,0,3
Ukwuani,2013,0.9942943453788757,1,0
Awka South,2013,0.009684204123914242,0,0
Gurara,2013,0.9951800107955933,1,1
Kontagora,2013,0.0028550783172249794,0,2
Mashegu,2013,0.0028671924956142902,0,2
Wushishi,2013,0.996941864490509,1,2
Shiroro,2013,0.0038374930154532194,0,1
Borgu,2013,0.0028965838719159365,0,2
Lapai,2013,0.004703287500888109,0,3
Akoko South West,2013,0.004568459466099739,0,3
Rijau,2013,0.002988446969538927,0,2
Chanchaga,2013,0.0035672124940901995,0,1
Mariga,2013,0.0052574919536709785,0,2
Munya,2013,0.003872866276651621,0,1
Bosso,2013,0.9952652454376221,1,1
Suleja,2013,0.0035672124940901995,0,1
Paikoro,2013,0.0037727763410657644,0,1
Kanke,2013,0.9665622115135193,1,1
Jos North,2013,0.0035672124940901995,0,1
Jos East,2013,0.9953166246414185,1,1
Oredo,2013,0.004648817703127861,0,3
Patani,2013,0.005166767630726099,0,0
Shendam,2013,0.9955664277076721,1,1
Egor,2013,0.004648817703127861,0,3
Langtang North,2013,0.9952805638313293,1,1
Jos South,2013,0.0035672124940901995,0,1
Mikang,2013,0.0038470677100121975,0,1
Barkin Ladi,2013,0.007540029473602772,0,1
Pankshin,2013,0.9919466376304626,1,1
Bokkos,2013,0.9665622115135193,1,1
Wase,2013,0.9734116196632385,1,4
Bassa,2013,0.0038470677100121975,0,1
Orumba South,2013,0.9948623776435852,1,0
Kanam,2013,0.9973098039627075,1,4
Langtang South,2013,0.006428349297493696,0,1
Mangu,2013,0.003882527118548751,0,1
Tafa,2013,0.003736380487680435,0,1
Magama,2013,0.0028671924956142902,0,2
Agwara,2013,0.002784423530101776,0,2
Riyom,2013,0.0038470677100121975,0,1
Rabah,2013,0.9973546266555786,1,2
Ikwo,2013,0.9948623776435852,1,0
Safana,2013,0.00819510780274868,0,1
Ajeromi/Ifelodun,2013,0.004648817703127861,0,3
Koko-Besse,2013,0.005213194526731968,0,2
Epe,2013,0.004915881901979446,0,3
Sumaila,2013,0.9954794645309448,1,1
Ogori/Magongo,2013,0.004568459466099739,0,3
Amuwo Odofin,2013,0.004648817703127861,0,3
Tsanyawa,2013,0.007831157185137272,0,1
Ibeju Lekki,2013,0.004915881901979446,0,3
Ajaokuta,2013,0.005685659125447273,0,0
Irepo,2013,0.004915881901979446,0,3
Isoko North,2013,0.0058769830502569675,0,0
Ezeagu,2013,0.9954342246055603,1,0
Irele,2013,0.0050458949990570545,0,3
Owo,2013,0.9960418939590454,1,3
Dekina,2013,0.005464069079607725,0,0
Akoko North East,2013,0.004568459466099739,0,3
Oluyole,2013,0.004568459466099739,0,3
Ogba/Egbema/Ndoni,2013,0.011208255775272846,0,0
Ovia South-West,2013,0.0050458949990570545,0,3
Ndokwa East,2013,0.005654712673276663,0,0
Saki East,2013,0.9966589212417603,1,3
Onicha,2013,0.9948623776435852,1,0
Ethiope East,2013,0.006042817607522011,0,0
Obi,2013,0.0058769830502569675,0,0
Oyo East,2013,0.004648817703127861,0,3
Ivo,2013,0.9948623776435852,1,0
Etsako East,2013,0.9954012632369995,1,0
Oshimili South,2013,0.9948623776435852,1,0
Izzi,2013,0.005464069079607725,0,0
Isoko South,2013,0.0058740777894854546,0,0
Ezza South,2013,0.9948623776435852,1,0
Ofu,2013,0.005464069079607725,0,0
Aniocha North,2013,0.9948731064796448,1,0
Aniocha South,2013,0.00597992492839694,0,0
Igalamela-Odolu,2013,0.005685659125447273,0,0
Ibiono Ibom,2013,0.006042817607522011,0,0
Obot Akara,2013,0.0058769830502569675,0,0
Ogo Oluwa,2013,0.004915881901979446,0,3
Atiba,2013,0.004915881901979446,0,3
Ogbomosho South,2013,0.004648817703127861,0,3
Ovia North-East,2013,0.9966589212417603,1,3
Afijio,2013,0.004915881901979446,0,3
Ogbomosho North,2013,0.004648817703127861,0,3
Ikwerre,2013,0.011208255775272846,0,0
Esit Eket,2013,0.9954930543899536,1,0
Obio/Akpor,2013,0.9942824840545654,1,0
Etche,2013,0.9951521158218384,1,0
Askira Uba,2013,0.003311495529487729,0,4
Gwadabawa,2013,0.9972590208053589,1,2
Hadejia,2013,0.9955300688743591,1,1
Kiri Kasama,2013,0.995388388633728,1,1
Konduga,2013,0.9965308308601379,1,4
Jere,2013,0.04036621376872063,0,4
Eti Osa,2013,0.004648817703127861,0,3
Kosofe,2013,0.004648817703127861,0,3
Ibadan North,2013,0.004648817703127861,0,3
Akinyele,2013,0.004568459466099739,0,3
Ido,2013,0.004915881901979446,0,3
Ibadan North West,2013,0.9963731169700623,1,3
Ibadan South West,2013,0.004648817703127861,0,3
Ibadan South East,2013,0.9963731169700623,1,3
Abeokuta South,2013,0.004648817703127861,0,3
Alimosho,2013,0.010886969044804573,0,3
Ifako/Ijaye,2013,0.9963731169700623,1,3
Ikorodu,2013,0.9963731169700623,1,3
Ifo,2013,0.996525228023529,1,3
Ikeja,2013,0.004648817703127861,0,3
Ewekoro,2013,0.9964767098426819,1,3
Ojo,2013,0.004648817703127861,0,3
Badagry,2013,0.9963093400001526,1,3
Obafemi Owode,2013,0.00478527182713151,0,3
Ipokia,2013,0.00478527182713151,0,3
Ohimini,2013,0.9959636926651001,1,0
Ilorin West,2013,0.004648817703127861,0,3
Asa,2013,0.9965704679489136,1,3
Eastern Obolo,2018,0.9954930543899536,1,0
Ekeremor,2018,0.005562569014728069,0,0
Degema,2018,0.005562569014728069,0,0
Andoni,2018,0.005464069079607725,0,0
Akpabuyo,2018,0.006042817607522011,0,0
Oron,2018,0.9954930543899536,1,0
Bakassi,2018,0.006560736335813999,0,0
Calabar South,2018,0.005155960563570261,0,0
Udung Uko,2018,0.9752165675163269,1,0
Southern Ijaw,2018,0.005922374315559864,0,0
Iwajowa,2018,0.0050458949990570545,0,3
Ibarapa North,2018,0.004703287500888109,0,3
Okrika,2018,0.005562569014728069,0,0
Imeko Afon,2018,0.0050458949990570545,0,3
Ibeno,2018,0.9752165675163269,1,0
Nembe,2018,0.011616737581789494,0,0
Ilaje,2018,0.9966589212417603,1,3
Brass,2018,0.005562569014728069,0,0
Warri North,2018,0.004703287500888109,0,3
Ese Odo,2018,0.0050458949990570545,0,3
Jalingo,2018,0.9970669150352478,1,4
Burutu,2018,0.9955276846885681,1,0
Girei,2018,0.996967613697052,1,4
Yorro,2018,0.002989356406033039,0,4
Ardo-Kola,2018,0.002989356406033039,0,4
Yola North,2018,0.0067123365588486195,0,4
Yola South,2018,0.9965308308601379,1,4
Mbo,2018,0.9954930543899536,1,0
Lau,2018,0.9971246123313904,1,4
Ibarapa Central,2018,0.004915881901979446,0,3
Abeokuta North,2018,0.9787053465843201,1,3
Bonny,2018,0.005464069079607725,0,0
Warri South-West,2018,0.9954012632369995,1,0
Warri South,2018,0.005155960563570261,0,0
Akuku Toru,2018,0.005562569014728069,0,0
Isokan,2018,0.9963093400001526,1,3
Irewole,2018,0.004568459466099739,0,3
Essien Udim,2018,0.01005017664283514,0,0
Onna,2018,0.0058769830502569675,0,0
Udenu,2018,0.005155960563570261,0,0
Ogu Bolo,2018,0.00525993388146162,0,0
Enugu South,2018,0.009684204123914242,0,0
Ikot Ekpene,2018,0.0676044374704361,0,0
Nsit Ubium,2018,0.010511396452784538,0,0
Urue Offong/Oruko,2018,0.9954930543899536,1,0
Abak,2018,0.9954930543899536,1,0
Nkanu East,2018,0.005155960563570261,0,0
Igbo-Eze-South,2018,0.9326213002204895,1,0
Nsukka,2018,0.9948623776435852,1,0
Tai,2018,0.0058769830502569675,0,0
Ife North,2018,0.004568459466099739,0,3
Ayedade,2018,0.004915881901979446,0,3
Ayedire,2018,0.004852058831602335,0,3
Ahoada East,2018,0.0058769830502569675,0,0
Iseyin,2018,0.004915881901979446,0,3
Itesiwaju,2018,0.009003667160868645,0,3
Kajola,2018,0.010699938982725143,0,3
Nkanu West,2018,0.9948623776435852,1,0
Afikpo North,2018,0.9948623776435852,1,0
Donga,2018,0.00525993388146162,0,0
Oji-River,2018,0.9948623776435852,1,0
Oyun,2018,0.004915881901979446,0,3
Ogbia,2018,0.01451976876705885,0,0
Asari-Toru,2018,0.9361966848373413,1,0
Uyo,2018,0.005155960563570261,0,0
Ikono,2018,0.9752165675163269,1,0
Baruten,2018,0.004703287500888109,0,3
Lagelu,2018,0.004648817703127861,0,3
Idah,2018,0.9948623776435852,1,0
Machina,2018,0.9955664277076721,1,1
Ibaji,2018,0.9953413009643555,1,0
Municipal Area Council,2018,0.009012171998620033,0,1
Kaiama,2018,0.008880243636667728,0,3
Bakura,2018,0.9972199201583862,1,2
Nguru,2018,0.9372241497039795,1,1
Gummi,2018,0.9970299005508423,1,2
Ajingi,2018,0.0037619362119585276,0,1
Port-Harcourt,2018,0.005155960563570261,0,0
Augie,2018,0.9968588352203369,1,2
Kebbe,2018,0.9971011281013489,1,2
Surulere,2018,0.004852058831602335,0,3
Ringim,2018,0.9953460097312927,1,1
Emuoha,2018,0.9951217770576477,1,0
Isi-Uzo,2018,0.9951521158218384,1,0
Yenegoa,2018,0.005155960563570261,0,0
Ilorin East,2018,0.004568459466099739,0,3
Alkaleri,2018,0.9974043965339661,1,4
Omumma,2018,0.9954930543899536,1,0
Birnin Kudu,2018,0.9382330775260925,1,1
Takum,2018,0.9953413009643555,1,0
Esan South-East,2018,0.005562569014728069,0,0
Ifedayo,2018,0.004568459466099739,0,3
Ori Ire,2018,0.0050458949990570545,0,3
Ifelodun,2018,0.9964152574539185,1,3
Maradun,2018,0.9972590208053589,1,2
Aninri,2018,0.9948731064796448,1,0
Abakaliki,2018,0.9948623776435852,1,0
Pategi,2018,0.012042229995131493,0,3
Biriniwa,2018,0.9955664277076721,1,1
Ussa,2018,0.005685659125447273,0,0
Silame,2018,0.9971011281013489,1,2
Takai,2018,0.0035672124940901995,0,1
Bwari,2018,0.0035672124940901995,0,1
Edu,2018,0.004703287500888109,0,3
Jema'A,2018,0.9955664277076721,1,1
Gumel,2018,0.9954019784927368,1,1
Binji,2018,0.0028659645467996597,0,2
Kware,2018,0.9971389770507812,1,2
Bunza,2018,0.9971011281013489,1,2
Mopa-Muro,2018,0.9964152574539185,1,3
Sokoto North,2018,0.002813487546518445,0,2
Musawa,2018,0.9953943490982056,1,1
Ethiope West,2018,0.005464069079607725,0,0
Ishielu,2018,0.005406615324318409,0,0
Sakaba,2018,0.002847028663381934,0,2
Kudan,2018,0.9951889514923096,1,1
Kachia,2018,0.9931608438491821,1,1
Sabon Birni,2018,0.9972590208053589,1,2
Uzo-Uwani,2018,0.9949640035629272,1,0
Jaba,2018,0.9951889514923096,1,1
Ibesikpo Asutan,2018,0.0058769830502569675,0,0
Sokoto South,2018,0.0028233672492206097,0,2
Yabo,2018,0.0028659645467996597,0,2
Damboa,2018,0.9972338080406189,1,4
Matazu,2018,0.9953943490982056,1,1
Sandamu,2018,0.9954904913902283,1,1
Mashi,2018,0.995448887348175,1,1
Dan Musa,2018,0.9949954748153687,1,1
Kura,2018,0.9924725294113159,1,1
Lere,2018,0.0039491206407547,0,1
Zango,2018,0.0038470677100121975,0,1
Wurno,2018,0.9971323013305664,1,2
Gudu,2018,0.9972320199012756,1,2
Gwiwa,2018,0.995448887348175,1,1
Birnin Kebbi,2018,0.9969483017921448,1,2
Suru,2018,0.9971790313720703,1,2
Numan,2018,0.002989356406033039,0,4
Biu,2018,0.07006679475307465,0,4
Kaduna South,2018,0.994955837726593,1,1
Dikwa,2018,0.003668461926281452,0,4
Zaria,2018,0.9950922727584839,1,1
Kalgo,2018,0.9971011281013489,1,2
Yankwashi,2018,0.9953597187995911,1,1
Kaura,2018,0.0036390561144798994,0,1
Lamurde,2018,0.996967613697052,1,4
Monguno,2018,0.003668461926281452,0,4
Enugu East,2018,0.005155960563570261,0,0
Ngala,2018,0.003668461926281452,0,4
Gubio,2018,0.0031950122211128473,0,4
Yagba East,2018,0.9965704679489136,1,3
Chibok,2018,0.0035937647335231304,0,4
Tureta,2018,0.9971011281013489,1,2
Gashaka,2018,0.9973098039627075,1,4
Bauchi,2018,0.030879564583301544,0,1
Hawul,2018,0.0031950122211128473,0,4
Uruan,2018,0.0058769830502569675,0,0
Mayo-Belwa,2018,0.9971246123313904,1,4
Mubi South,2018,0.9973057508468628,1,4
Etsako West,2018,0.9951521158218384,1,0
Fune,2018,0.9970019459724426,1,4
Mobbar,2018,0.0028345210012048483,0,4
Potiskum,2018,0.0028617719653993845,0,4
Gwoza,2018,0.003668461926281452,0,4
Guzamala,2018,0.003668461926281452,0,4
Maiha,2018,0.9972074627876282,1,4
Gulani,2018,0.9956064820289612,1,4
Zing,2018,0.9972074627876282,1,4
Orelope,2018,0.004915881901979446,0,3
Nsit Ibom,2018,0.0058769830502569675,0,0
Fufore,2018,0.9972074627876282,1,4
Mkpat Enin,2018,0.0058769830502569675,0,0
Owan West,2018,0.004915881901979446,0,3
Kaga,2018,0.005186916794627905,0,4
Karim Lamido,2018,0.9971246123313904,1,4
Kukawa,2018,0.0031950122211128473,0,4
Gombi,2018,0.9969841837882996,1,4
Guyuk,2018,0.9968926310539246,1,4
Tudun Wada,2018,0.9951700568199158,1,1
Saki West,2018,0.004915881901979446,0,3
Toungo,2018,0.9971246123313904,1,4
Abua/Odual,2018,0.005562569014728069,0,0
Bungudu,2018,0.9946925044059753,1,2
Shani,2018,0.0031950122211128473,0,4
Shagari,2018,0.0029450757429003716,0,2
Yunusari,2018,0.9956064820289612,1,4
Ganye,2018,0.9970669150352478,1,4
Jada,2018,0.003077962901443243,0,4
Bali,2018,0.9972074627876282,1,4
Shelleng,2018,0.9973098039627075,1,4
Okitipupa,2018,0.004915881901979446,0,3
Bayo,2018,0.9973098039627075,1,4
Ikot Abasi,2018,0.9954930543899536,1,0
Maiduguri,2018,0.00290466146543622,0,4
Gujba,2018,0.9956064820289612,1,4
Esan North-East,2018,0.005166767630726099,0,0
Tafawa-Balewa,2018,0.9955664277076721,1,1
Nangere,2018,0.9950939416885376,1,4
Ika,2018,0.9954930543899536,1,0
Dambam,2018,0.0031950122211128473,0,4
Ganjuwa,2018,0.9954431056976318,1,1
Nganzai,2018,0.003539464669302106,0,4
Ahoada West,2018,0.9956170320510864,1,0
Song,2018,0.0031950122211128473,0,4
Oshimili North,2018,0.005166767630726099,0,0
Gokana,2018,0.9948623776435852,1,0
Bukkuyum,2018,0.9971023201942444,1,2
Damaturu,2018,0.012664234265685081,0,4
Geidam,2018,0.9956064820289612,1,4
Tarmuwa,2018,0.9956064820289612,1,4
Madagali,2018,0.9974043965339661,1,4
Michika,2018,0.9970520734786987,1,4
Mubi North,2018,0.0029305790085345507,0,4
Owan East,2018,0.9966589212417603,1,3
Hong,2018,0.003077962901443243,0,4
Nassarawa,2018,0.9950922727584839,1,1
Sabuwa,2018,0.995448887348175,1,1
Ohaozara,2018,0.005155960563570261,0,0
Kaura Namoda,2018,0.9772990345954895,1,2
Dutsi,2018,0.9953943490982056,1,1
Kabo,2018,0.9952661991119385,1,1
Dandume,2018,0.9953943490982056,1,1
Dawakin Tofa,2018,0.003801426850259304,0,1
Gezawa,2018,0.007491010706871748,0,1
Bodinga,2018,0.9971323013305664,1,2
Zurmi,2018,0.9971023201942444,1,2
Warawa,2018,0.9953597187995911,1,1
Tangaza,2018,0.9973171353340149,1,2
Maigatari,2018,0.995388388633728,1,1
Danja,2018,0.9953943490982056,1,1
Fagge,2018,0.99561607837677,1,1
Jibia,2018,0.9970425963401794,1,2
Eleme,2018,0.005155960563570261,0,0
Bebeji,2018,0.9953597187995911,1,1
Rano,2018,0.9953460097312927,1,1
Tarauni,2018,0.0035672124940901995,0,1
Etinan,2018,0.9954930543899536,1,0
Yewa South,2018,0.004915881901979446,0,3
Argungu,2018,0.9969483017921448,1,2
Kiru,2018,0.9950922727584839,1,1
Batagarawa,2018,0.9953943490982056,1,1
Bomadi,2018,0.005166767630726099,0,0
Kwaya Kusar,2018,0.003534129122272134,0,4
Igbo-Etiti,2018,0.01645594649016857,0,0
Doguwa,2018,0.9954794645309448,1,1
Bade,2018,0.9966122508049011,1,4
Itu,2018,0.9954930543899536,1,0
Bama,2018,0.003668461926281452,0,4
Gada,2018,0.997192919254303,1,2
Gusau,2018,0.9360171556472778,1,2
Lagos Mainland,2018,0.004648817703127861,0,3
Kaita,2018,0.995448887348175,1,1
Minjibir,2018,0.9953039884567261,1,1
Ini,2018,0.0058769830502569675,0,0
Talata Mafara,2018,0.9971023201942444,1,2
Gwandu,2018,0.9971790313720703,1,2
Birnin Magaji-Kiyaw,2018,0.9973300695419312,1,2
Shanono,2018,0.9954019784927368,1,1
Rogo,2018,0.9953460097312927,1,1
Batsari,2018,0.9954904913902283,1,1
Eket,2018,0.9954930543899536,1,0
Okobo,2018,0.0058769830502569675,0,0
Kano Municipal,2018,0.0035672124940901995,0,1
Bursari,2018,0.9973098039627075,1,4
Maiyama,2018,0.9972199201583862,1,2
Lagos Island,2018,0.004648817703127861,0,3
Madobi,2018,0.007491010706871748,0,1
Miga,2018,0.9954794645309448,1,1
Rimi,2018,0.9954904913902283,1,1
Gabasawa,2018,0.0037730217445641756,0,1
Aleiro,2018,0.9973171353340149,1,2
Ungogo,2018,0.9950922727584839,1,1
Tambuwal,2018,0.9972590208053589,1,2
Jega,2018,0.9969483017921448,1,2
Katsina,2018,0.0035672124940901995,0,1
Dawakin Kudu,2018,0.9954019784927368,1,1
Arewa Dandi,2018,0.9972199201583862,1,2
Etim Ekpo,2018,0.9752165675163269,1,0
Albasu,2018,0.9950922727584839,1,1
Marte,2018,0.003668461926281452,0,4
Kumbotso,2018,0.9909186363220215,1,1
Kazaure,2018,0.9951889514923096,1,1
Malumfashi,2018,0.9919874668121338,1,1
Udi,2018,0.9948623776435852,1,0
Dutse,2018,0.9954904913902283,1,1
Gwaram,2018,0.9955664277076721,1,1
Zangon Kataf,2018,0.9954794645309448,1,1
Kiyawa,2018,0.9955664277076721,1,1
Zaki,2018,0.9955664277076721,1,1
Opobo/Nkoro,2018,0.005464069079607725,0,0
Shira,2018,0.995448887348175,1,1
Dass,2018,0.007984209805727005,0,1
Enugu North,2018,0.005155960563570261,0,0
Buji,2018,0.9955664277076721,1,1
Ukanafun,2018,0.9752165675163269,1,0
Agaie,2018,0.9863899350166321,1,3
Bagwai,2018,0.9952661991119385,1,1
Kajuru,2018,0.008433448150753975,0,1
Katcha,2018,0.9965329170227051,1,3
Kafur,2018,0.003801426850259304,0,1
Wasagu-Danko,2018,0.9972590208053589,1,2
Bida,2018,0.004915881901979446,0,3
Kirfi,2018,0.9973098039627075,1,4
Dandi,2018,0.9969565868377686,1,2
Bagudu,2018,0.9972590208053589,1,2
Kankara,2018,0.9953943490982056,1,1
Itas/Gadau,2018,0.9955664277076721,1,1
Apapa,2018,0.9958142638206482,1,3
Ondo East,2018,0.9959897398948669,1,3
Warji,2018,0.007984209805727005,0,1
Katagum,2018,0.9956064820289612,1,4
Mani,2018,0.010326281189918518,0,1
Sanga,2018,0.9953166246414185,1,1
Bogoro,2018,0.9924638271331787,1,1
Fika,2018,0.0031950122211128473,0,4
Kuje,2018,0.01023052353411913,0,0
Sule Tankarkar,2018,0.9955664277076721,1,1
Ibadan North East,2018,0.9963731169700623,1,3
Bindawa,2018,0.9953943490982056,1,1
Ilorin South,2018,0.004648817703127861,0,3
Gamawa,2018,0.0031950122211128473,0,4
Kafin Hausa,2018,0.9953460097312927,1,1
Ado Odo/Ota,2018,0.004648817703127861,0,3
Garko,2018,0.9953597187995911,1,1
Kubau,2018,0.9951700568199158,1,1
Wukari,2018,0.005562569014728069,0,0
Gwarzo,2018,0.9954019784927368,1,1
Oyigbo,2018,0.005155960563570261,0,0
Ughelli South,2018,0.006042817607522011,0,0
Fakai,2018,0.9970310926437378,1,2
Kaugama,2018,0.9954794645309448,1,1
Esan Central,2018,0.01645594649016857,0,0
Goronyo,2018,0.9972199201583862,1,2
Ibarapa East,2018,0.004915881901979446,0,3
Ikpoba-Okha,2018,0.004568459466099739,0,3
Awgu,2018,0.006042817607522011,0,0
Olorunsogo,2018,0.004703287500888109,0,3
Kabba/Bunu,2018,0.004703287500888109,0,3
Ningi,2018,0.9928049445152283,1,1
Kurmi,2018,0.010709821246564388,0,0
Bakori,2018,0.9952652454376221,1,1
Nsit Atai,2018,0.9752165675163269,1,0
Kankia,2018,0.9953943490982056,1,1
Gagarawa,2018,0.9955664277076721,1,1
Giade,2018,0.0038470677100121975,0,1
Iguegben,2018,0.9948731064796448,1,0
Akure North,2018,0.9965704679489136,1,3
Khana,2018,0.006042817607522011,0,0
Oruk Anam,2018,0.009775443933904171,0,0
Misau,2018,0.0028617719653993845,0,4
Kolokuma/Opokuma,2018,0.006560736335813999,0,0
Karaye,2018,0.9951889514923096,1,1
Sagbama,2018,0.006560736335813999,0,0
Garki,2018,0.9954794645309448,1,1
Mai'Adua,2018,0.9950922727584839,1,1
Ezza North,2018,0.9954930543899536,1,0
Ibi,2018,0.9954792261123657,1,1
Omala,2018,0.9953413009643555,1,0
Ile Oluji/Okeigbo,2018,0.004915881901979446,0,3
Baure,2018,0.995448887348175,1,1
Dutsin Ma,2018,0.9954904913902283,1,1
Uhunmwonde,2018,0.005685659125447273,0,0
Taura,2018,0.9954794645309448,1,1
Ughelli North,2018,0.005464069079607725,0,0
Orhionmwon,2018,0.005562569014728069,0,0
Soba,2018,0.9956068396568298,1,1
Karasuwa,2018,0.9637575149536133,1,4
Ondo West,2018,0.004568459466099739,0,3
Ika South,2018,0.0058769830502569675,0,0
Oye,2018,0.9787053465843201,1,3
Bichi,2018,0.9953943490982056,1,1
Kwali,2018,0.9964768290519714,1,3
Oyo West,2018,0.004915881901979446,0,3
Kusada,2018,0.9953943490982056,1,1
Roni,2018,0.9954904913902283,1,1
Toro,2018,0.9955664277076721,1,1
Akure South,2018,0.9958142638206482,1,3
Igabi,2018,0.9951700568199158,1,1
Okene,2018,0.9963731169700623,1,3
Onitsha South,2018,0.005155960563570261,0,0
Agatu,2018,0.005685659125447273,0,0
Dala,2018,0.0035672124940901995,0,1
Anka,2018,0.9971389770507812,1,2
Tofa,2018,0.9953943490982056,1,1
Ingawa,2018,0.9953943490982056,1,1
Uvwie,2018,0.029200000688433647,0,0
Idanre,2018,0.004703287500888109,0,3
Okpe,2018,0.010511396452784538,0,0
Anambra West,2018,0.9951521158218384,1,0
Mushin,2018,0.9906328916549683,1,3
Shagamu,2018,0.004568459466099739,0,3
Biase,2018,0.9954012632369995,1,0
Gaya,2018,0.9953597187995911,1,1
Charanchi,2018,0.9951800107955933,1,1
Etsako Central,2018,0.9949640035629272,1,0
Darazo,2018,0.0033552658278495073,0,4
Ijumu,2018,0.0050458949990570545,0,3
Irepodun,2018,0.004915881901979446,0,3
Egbeda,2018,0.9485539793968201,1,3
Akoko South East,2018,0.004568459466099739,0,3
Faskari,2018,0.9955664277076721,1,1
Makarfi,2018,0.9952652454376221,1,1
Udu,2018,0.005542978644371033,0,0
Bunkure,2018,0.9953597187995911,1,1
Funtua,2018,0.009012171998620033,0,1
Dambatta,2018,0.9925615191459656,1,1
Jakusko,2018,0.5953050255775452,1,4
Gwale,2018,0.0035672124940901995,0,1
Babura,2018,0.9953460097312927,1,1
Sapele,2018,0.005464069079607725,0,0
Ika North East,2018,0.0058740777894854546,0,0
Surulere,2018,0.004648817703127861,0,3
Garun Malam,2018,0.9949954748153687,1,1
Offa,2018,0.004648817703127861,0,3
Shomolu,2018,0.004648817703127861,0,3
Makoda,2018,0.9953597187995911,1,1
Rimin Gado,2018,0.9954904913902283,1,1
Yusufari,2018,0.0031950122211128473,0,4
Bassa,2018,0.9953413009643555,1,0
Jahun,2018,0.9955207109451294,1,1
Kurfi,2018,0.9953943490982056,1,1
Esan West,2018,0.005155960563570261,0,0
Kaduna North,2018,0.0035672124940901995,0,1
Daura,2018,0.0035672124940901995,0,1
Gassol,2018,0.9973098039627075,1,4
Auyo,2018,0.9953943490982056,1,1
Wudil,2018,0.9950922727584839,1,1
Ikara,2018,0.995448887348175,1,1
Ifedore,2018,0.004568459466099739,0,3
Lavun,2018,0.9966589212417603,1,3
Dange Shuni,2018,0.9972199201583862,1,2
Yewa North,2018,0.009003667160868645,0,3
Tsafe,2018,0.9954847097396851,1,1
Ekiti,2018,0.9965704679489136,1,3
Zuru,2018,0.9971528053283691,1,2
Yagba West,2018,0.0050458949990570545,0,3
Kogi,2018,0.9953413009643555,1,0
Olamaboro,2018,0.005801319144666195,0,0
Odigbo,2018,0.9966687560081482,1,3
Agege,2018,0.004648817703127861,0,3
Kibiya,2018,0.9954019784927368,1,1
Isin,2018,0.008540377020835876,0,3
Sabon Gari,2018,0.0035672124940901995,0,1
Malam Madori,2018,0.995448887348175,1,1
Lokoja,2018,0.9964152574539185,1,3
Ede South,2018,0.004568459466099739,0,3
Giwa,2018,0.9951700568199158,1,1
Ikole,2018,0.991960346698761,1,3
Kunchi,2018,0.9954904913902283,1,1
Guri,2018,0.9955207109451294,1,1
Maru,2018,0.9973300695419312,1,2
Dukku,2018,0.9973098039627075,1,4
Wamakko,2018,0.0027224698569625616,0,2
Oke Ero,2018,0.004915881901979446,0,3
Oshodi/Isolo,2018,0.9963731169700623,1,3
Abadam,2018,0.003668461926281452,0,4
Moba,2018,0.9963093400001526,1,3
Gwagwalada,2018,0.0035672124940901995,0,1
Kagarko,2018,0.9954431056976318,1,1
Abaji,2018,0.013188540004193783,0,3
Sardauna,2018,0.015230023302137852,0,0
Shanga,2018,0.9970310926437378,1,2
Birnin Gwari,2018,0.9969483017921448,1,2
Ngaski,2018,0.9971011281013489,1,2
Chikun,2018,0.9951700568199158,1,1
Yauri,2018,0.9968632459640503,1,2
Kauru,2018,0.9955664277076721,1,1
Demsa,2018,0.003077962901443243,0,4
Umuahia South,2018,0.9859846830368042,1,0
Obokun,2018,0.004915881901979446,0,3
Owerri West,2018,0.9948623776435852,1,0
Nasarawa,2018,0.9953413009643555,1,0
Idemili South,2018,0.005155960563570261,0,0
Aba North,2018,0.016797401010990143,0,0
Odeda,2018,0.0050458949990570545,0,3
Ijebu East,2018,0.0049764555878937244,0,3
Okpokwu,2018,0.9954930543899536,1,0
Shomgom,2018,0.9972074627876282,1,4
Ado-Ekiti,2018,0.9963731169700623,1,3
Ahiazu-Mbaise,2018,0.0058769830502569675,0,0
Ankpa,2018,0.9956170320510864,1,0
Nkwerre,2018,0.005155960563570261,0,0
Apa,2018,0.9953413009643555,1,0
Kwande,2018,0.02842928282916546,0,0
Ikom,2018,0.9953413009643555,1,0
Ido-Osi,2018,0.9963093400001526,1,3
Ukwa East,2018,0.005801319144666195,0,0
Ukwa West,2018,0.006560736335813999,0,0
Nnewi South,2018,0.005155960563570261,0,0
Bende,2018,0.0058769830502569675,0,0
Okigwe,2018,0.9954342246055603,1,0
Jama'Are,2018,0.008838657289743423,0,1
Kokona,2018,0.9954375624656677,1,1
Mafa,2018,0.0028345210012048483,0,4
Akko,2018,0.04117551073431969,0,4
Ushongo,2018,0.005965034477412701,0,0
Ehime-Mbano,2018,0.9948623776435852,1,0
Ideato South,2018,0.005155960563570261,0,0
Ife South,2018,0.004915881901979446,0,3
Oyi,2018,0.9948623776435852,1,0
Ekiti South-West,2018,0.9963093400001526,1,3
Ayamelum,2018,0.9951521158218384,1,0
Aboh-Mbaise,2018,0.005155960563570261,0,0
Ilejemeje,2018,0.996525228023529,1,3
Mbatoli,2018,0.9948623776435852,1,0
Akamkpa,2018,0.9663147330284119,1,0
Obi Nwga,2018,0.005801319144666195,0,0
Logo,2018,0.005759823136031628,0,0
Guma,2018,0.005846129264682531,0,0
Ogoja,2018,0.006236475892364979,0,0
Ohafia,2018,0.005155960563570261,0,0
Orumba North,2018,0.005155960563570261,0,0
Ado,2018,0.0058769830502569675,0,0
Toto,2018,0.9949640035629272,1,0
Egbedore,2018,0.00478527182713151,0,3
Owerri North,2018,0.005155960563570261,0,0
Idemili North,2018,0.005155960563570261,0,0
Isiala-Ngwa South,2018,0.990407407283783,1,0
Funakaye,2018,0.9973098039627075,1,4
Katsina-Ala,2018,0.9949575066566467,1,0
Mokwa,2018,0.9964152574539185,1,3
Aba South,2018,0.005155960563570261,0,0
Edati,2018,0.996525228023529,1,3
Odogbolu,2018,0.00478527182713151,0,3
Balanga,2018,0.9973098039627075,1,4
Ijebu North East,2018,0.004852058831602335,0,3
Oturkpo,2018,0.9708479642868042,1,0
Abi,2018,0.0058769830502569675,0,0
Ideato North,2018,0.0676044374704361,0,0
Oriade,2018,0.004568459466099739,0,3
Illela,2018,0.9971108436584473,1,2
Nwangele,2018,0.9948623776435852,1,0
Ife East,2018,0.004568459466099739,0,3
Obanliku,2018,0.005685659125447273,0,0
Onuimo,2018,0.9948623776435852,1,0
Qua'An Pan,2018,0.003738313913345337,0,1
Ngor-Okpala,2018,0.9954930543899536,1,0
Ona Ara,2018,0.9963731169700623,1,3
Igbo-Eze North,2018,0.005155960563570261,0,0
Oju,2018,0.005464069079607725,0,0
Boluwaduro,2018,0.004568459466099739,0,3
Shinkafi,2018,0.007043346296995878,0,2
Orsu,2018,0.02554224617779255,0,0
Anaocha,2018,0.005155960563570261,0,0
Bekwarra,2018,0.006560736335813999,0,0
Umu-Nneochi,2018,0.0058769830502569675,0,0
Ose,2018,0.012042229995131493,0,3
Nnewi North,2018,0.005155960563570261,0,0
Akoko North West,2018,0.012998717837035656,0,3
Ilesha East,2018,0.004648817703127861,0,3
Njikoka,2018,0.989693820476532,1,0
Ohaji/Egbema,2018,0.9951521158218384,1,0
Gombe,2018,0.003217914141714573,0,4
Owerri Municipal,2018,0.9948623776435852,1,0
Keana,2018,0.9954012632369995,1,0
Ohaukwu,2018,0.005155960563570261,0,0
Gbonyin,2018,0.004568459466099739,0,3
Isiala Mbano,2018,0.9956170320510864,1,0
Irepodun/Ifelodun,2018,0.9963093400001526,1,3
Obowo,2018,0.005801319144666195,0,0
Isuikwuato,2018,0.005801319144666195,0,0
Makurdi,2018,0.016797401010990143,0,0
Gboko,2018,0.005464069079607725,0,0
Ife Central,2018,0.9485539793968201,1,3
Isiala-Ngwa North,2018,0.9949185252189636,1,0
Yakurr,2018,0.006042817607522011,0,0
Billiri,2018,0.015172872692346573,0,4
Dunukofia,2018,0.005155960563570261,0,0
Osisioma Ngwa,2018,0.9955596923828125,1,0
Ola Oluwa,2018,0.004915881901979446,0,3
Wamba,2018,0.003738313913345337,0,1
Boripe,2018,0.004648817703127861,0,3
Yala,2018,0.005846129264682531,0,0
Aguata,2018,0.005155960563570261,0,0
Calabar Municipal,2018,0.9948623776435852,1,0
Onitsha North,2018,0.005155960563570261,0,0
Ukum,2018,0.005846129264682531,0,0
Isa,2018,0.9971790313720703,1,2
Ogun Waterside,2018,0.004703287500888109,0,3
Ifelodun,2018,0.9963731169700623,1,3
Arochukwu,2018,0.9954930543899536,1,0
Ijebu Ode,2018,0.004648817703127861,0,3
Magumeri,2018,0.003668461926281452,0,4
Boki,2018,0.005685659125447273,0,0
Kwami,2018,0.9973098039627075,1,4
Ekiti East,2018,0.9963093400001526,1,3
Moro,2018,0.0049764555878937244,0,3
Ezinihitte,2018,0.9942824840545654,1,0
Kala Balge,2018,0.003668461926281452,0,4
Awe,2018,0.9953413009643555,1,0
Orolu,2018,0.004648817703127861,0,3
Obubra,2018,0.9953413009643555,1,0
Akoko-Edo,2018,0.013978235423564911,0,3
Osogbo,2018,0.9903383851051331,1,3
Ise/Orun,2018,0.9964737296104431,1,3
Njaba,2018,0.9948623776435852,1,0
Obi,2018,0.006560736335813999,0,0
Buruku,2018,0.005965034477412701,0,0
Obudu,2018,0.006560736335813999,0,0
Orlu,2018,0.9954342246055603,1,0
Iwo,2018,0.004648817703127861,0,3
Awka North,2018,0.005801319144666195,0,0
Tarka,2018,0.005801319144666195,0,0
Umuahia North,2018,0.005965034477412701,0,0
Odo Otin,2018,0.004568459466099739,0,3
Ihiala,2018,0.005155960563570261,0,0
Ilesha West,2018,0.06506296247243881,0,3
Kaltungo,2018,0.9972074627876282,1,4
Irepodun,2018,0.010886969044804573,0,3
Ebonyi,2018,0.010610289871692657,0,0
Lafia,2018,0.9951493144035339,1,1
Ijebu North,2018,0.004915881901979446,0,3
Ndokwa West,2018,0.01773778721690178,0,0
Ikeduru,2018,0.9954342246055603,1,0
Okehi,2018,0.9965704679489136,1,3
Yamaltu/Deba,2018,0.9974043965339661,1,4
Emure,2018,0.004568459466099739,0,3
Ikere,2018,0.9963093400001526,1,3
Oguta,2018,0.016797401010990143,0,0
Konshisha,2018,0.9949575066566467,1,0
Ejigbo,2018,0.00478527182713151,0,3
Gwer West,2018,0.005759823136031628,0,0
Etung,2018,0.005685659125447273,0,0
Ekwusigo,2018,0.9948623776435852,1,0
Ijero,2018,0.004852058831602335,0,3
Ugwunagbo,2018,0.005801319144666195,0,0
Olorunda,2018,0.004648817703127861,0,3
Nasarawa Egon,2018,0.00855960138142109,0,1
Ede North,2018,0.004648817703127861,0,3
Afikpo South,2018,0.005155960563570261,0,0
Oru West,2018,0.005155960563570261,0,0
Anambra East,2018,0.005464069079607725,0,0
Vandeikya,2018,0.01005017664283514,0,0
Atakunmosa West,2018,0.004915881901979446,0,3
Ogbaru,2018,0.005155960563570261,0,0
Ikwuano,2018,0.9954930543899536,1,0
Keffi,2018,0.0034981637727469206,0,1
Adavi,2018,0.011917744763195515,0,3
Oru East,2018,0.9954930543899536,1,0
Remo North,2018,0.004852058831602335,0,3
Karu,2018,0.9952303171157837,1,1
Ikenne,2018,0.004648817703127861,0,3
Ila,2018,0.9965704679489136,1,3
Doma,2018,0.026814371347427368,0,0
Nafada,2018,0.9974043965339661,1,4
Gwer East,2018,0.005685659125447273,0,0
Efon,2018,0.004568459466099739,0,3
Ihitte/Uboma,2018,0.9948623776435852,1,0
Ekiti West,2018,0.9963093400001526,1,3
Atisbo,2018,0.004703287500888109,0,3
Isu,2018,0.9954930543899536,1,0
Ogbadibo,2018,0.006560736335813999,0,0
Atakunmosa East,2018,0.00478527182713151,0,3
Akwanga,2018,0.0037727763410657644,0,1
Rafi,2018,0.996860146522522,1,2
Odukpani,2018,0.006560736335813999,0,0
Gbako,2018,0.00478527182713151,0,3
Ukwuani,2018,0.0058769830502569675,0,0
Awka South,2018,0.005155960563570261,0,0
Gurara,2018,0.9867549538612366,1,1
Kontagora,2018,0.0028550783172249794,0,2
Mashegu,2018,0.9906607270240784,1,2
Wushishi,2018,0.9863899350166321,1,3
Shiroro,2018,0.9954375624656677,1,1
Borgu,2018,0.0028965838719159365,0,2
Lapai,2018,0.9863899350166321,1,3
Akoko South West,2018,0.004568459466099739,0,3
Rijau,2018,0.9902044534683228,1,2
Chanchaga,2018,0.994955837726593,1,1
Mariga,2018,0.003031153231859207,0,2
Munya,2018,0.9928977489471436,1,1
Bosso,2018,0.008540377020835876,0,3
Suleja,2018,0.009012171998620033,0,1
Paikoro,2018,0.0036977354902774096,0,1
Kanke,2018,0.9951800107955933,1,1
Jos North,2018,0.9950922727584839,1,1
Jos East,2018,0.9953166246414185,1,1
Oredo,2018,0.004648817703127861,0,3
Patani,2018,0.011412258259952068,0,0
Shendam,2018,0.9956068396568298,1,1
Egor,2018,0.004648817703127861,0,3
Langtang North,2018,0.9951800107955933,1,1
Jos South,2018,0.029228918254375458,0,1
Mikang,2018,0.0038470677100121975,0,1
Barkin Ladi,2018,0.9952805638313293,1,1
Pankshin,2018,0.003632203908637166,0,1
Bokkos,2018,0.029710307717323303,0,1
Wase,2018,0.9972074627876282,1,4
Bassa,2018,0.0038470677100121975,0,1
Orumba South,2018,0.005155960563570261,0,0
Kanam,2018,0.9955664277076721,1,1
Langtang South,2018,0.9955484867095947,1,1
Mangu,2018,0.9953650236129761,1,1
Tafa,2018,0.006513652857393026,0,1
Magama,2018,0.9972199201583862,1,2
Agwara,2018,0.9899153709411621,1,2
Riyom,2018,0.995448887348175,1,1
Rabah,2018,0.9973546266555786,1,2
Ikwo,2018,0.005155960563570261,0,0
Safana,2018,0.9956068396568298,1,1
Ajeromi/Ifelodun,2018,0.004648817703127861,0,3
Koko-Besse,2018,0.9971790313720703,1,2
Epe,2018,0.0050458949990570545,0,3
Sumaila,2018,0.9954794645309448,1,1
Ogori/Magongo,2018,0.9963093400001526,1,3
Amuwo Odofin,2018,0.9963731169700623,1,3
Tsanyawa,2018,0.9953597187995911,1,1
Ibeju Lekki,2018,0.004915881901979446,0,3
Ajaokuta,2018,0.9953413009643555,1,0
Irepo,2018,0.004915881901979446,0,3
Isoko North,2018,0.01005020085722208,0,0
Ezeagu,2018,0.005155960563570261,0,0
Irele,2018,0.012042229995131493,0,3
Owo,2018,0.004915881901979446,0,3
Dekina,2018,0.005464069079607725,0,0
Akoko North East,2018,0.004568459466099739,0,3
Oluyole,2018,0.004568459466099739,0,3
Ogba/Egbema/Ndoni,2018,0.9952380657196045,1,0
Ovia South-West,2018,0.0050458949990570545,0,3
Ndokwa East,2018,0.005759823136031628,0,0
Saki East,2018,0.9926994442939758,1,3
Onicha,2018,0.010393276810646057,0,0
Ethiope East,2018,0.005464069079607725,0,0
Obi,2018,0.0058769830502569675,0,0
Oyo East,2018,0.010886969044804573,0,3
Ivo,2018,0.011626092717051506,0,0
Etsako East,2018,0.9952380657196045,1,0
Oshimili South,2018,0.005155960563570261,0,0
Izzi,2018,0.01778871938586235,0,0
Isoko South,2018,0.005464069079607725,0,0
Ezza South,2018,0.06113321706652641,0,0
Ofu,2018,0.9953413009643555,1,0
Aniocha North,2018,0.0058769830502569675,0,0
Aniocha South,2018,0.005562569014728069,0,0
Igalamela-Odolu,2018,0.9952380657196045,1,0
Ibiono Ibom,2018,0.010806585662066936,0,0
Obot Akara,2018,0.01451976876705885,0,0
Ogo Oluwa,2018,0.004915881901979446,0,3
Atiba,2018,0.0050458949990570545,0,3
Ogbomosho South,2018,0.004648817703127861,0,3
Ovia North-East,2018,0.0050458949990570545,0,3
Afijio,2018,0.996525228023529,1,3
Ogbomosho North,2018,0.004648817703127861,0,3
Ikwerre,2018,0.011208255775272846,0,0
Esit Eket,2018,0.9954930543899536,1,0
Obio/Akpor,2018,0.005155960563570261,0,0
Etche,2018,0.010513910092413425,0,0
Askira Uba,2018,0.9974043965339661,1,4
Gwadabawa,2018,0.9966932535171509,1,2
Hadejia,2018,0.0034981637727469206,0,1
Kiri Kasama,2018,0.9953460097312927,1,1
Konduga,2018,0.9970019459724426,1,4
Jere,2018,0.9969964027404785,1,4
Eti Osa,2018,0.004648817703127861,0,3
Kosofe,2018,0.004648817703127861,0,3
Ibadan North,2018,0.004648817703127861,0,3
Akinyele,2018,0.004568459466099739,0,3
Ido,2018,0.004915881901979446,0,3
Ibadan North West,2018,0.004648817703127861,0,3
Ibadan South West,2018,0.004648817703127861,0,3
Ibadan South East,2018,0.004648817703127861,0,3
Abeokuta South,2018,0.004648817703127861,0,3
Alimosho,2018,0.004648817703127861,0,3
Ifako/Ijaye,2018,0.004648817703127861,0,3
Ikorodu,2018,0.9963731169700623,1,3
Ifo,2018,0.004648817703127861,0,3
Ikeja,2018,0.013225379399955273,0,3
Ewekoro,2018,0.00478527182713151,0,3
Ojo,2018,0.9963731169700623,1,3
Badagry,2018,0.9963093400001526,1,3
Obafemi Owode,2018,0.004915881901979446,0,3
Ipokia,2018,0.008540377020835876,0,3
Ohimini,2018,0.006560736335813999,0,0
Ilorin West,2018,0.9963731169700623,1,3
Asa,2018,0.9965704679489136,1,3
