lga_name,year,risk_prob,risk_label,fold
Eastern Obolo,2013,0.0038809667,0,train_2013_2018
Ekeremor,2013,0.0036754413,0,train_2013_2018
Degema,2013,0.0027526557,0,train_2013_2018
Andoni,2013,0.0031666022,0,train_2013_2018
Akpabuyo,2013,0.9966217,1,train_2013_2018
Oron,2013,0.99687356,1,train_2013_2018
Bakassi,2013,0.0028801728,0,train_2013_2018
Calabar South,2013,0.0021463893,0,train_2013_2018
Udung Uko,2013,0.003192656,0,train_2013_2018
Southern Ijaw,2013,0.9972216,1,train_2013_2018
Iwajowa,2013,0.0032913224,0,train_2013_2018
Ibarapa North,2013,0.9968509,1,train_2013_2018
Okrika,2013,0.9970221,1,train_2013_2018
Imeko Afon,2013,0.0030093547,0,train_2013_2018
Ibeno,2013,0.0028066623,0,train_2013_2018
Nembe,2013,0.9967181,1,train_2013_2018
Ilaje,2013,0.9976307,1,train_2013_2018
Brass,2013,0.9968125,1,train_2013_2018
Warri North,2013,0.0033232586,0,train_2013_2018
Ese Odo,2013,0.0038036394,0,train_2013_2018
Jalingo,2013,0.0026404571,0,train_2013_2018
Burutu,2013,0.99709666,1,train_2013_2018
Girei,2013,0.0034415692,0,train_2013_2018
Yorro,2013,0.0027580722,0,train_2013_2018
Ardo-Kola,2013,0.002785679,0,train_2013_2018
Yola North,2013,0.99618894,1,train_2013_2018
Yola South,2013,0.9967481,1,train_2013_2018
Mbo,2013,0.9969463,1,train_2013_2018
Lau,2013,0.99668306,1,train_2013_2018
Ibarapa Central,2013,0.003659483,0,train_2013_2018
Abeokuta North,2013,0.0024139464,0,train_2013_2018
Bonny,2013,0.0029473323,0,train_2013_2018
Warri South-West,2013,0.0028257456,0,train_2013_2018
Warri South,2013,0.0021384584,0,train_2013_2018
Akuku Toru,2013,0.9966363,1,train_2013_2018
Isokan,2013,0.002650028,0,train_2013_2018
Irewole,2013,0.0024468552,0,train_2013_2018
Essien Udim,2013,0.0028204876,0,train_2013_2018
Onna,2013,0.0035181085,0,train_2013_2018
Udenu,2013,0.9960633,1,train_2013_2018
Ogu Bolo,2013,0.003107686,0,train_2013_2018
Enugu South,2013,0.99598616,1,train_2013_2018
Ikot Ekpene,2013,0.002782884,0,train_2013_2018
Nsit Ubium,2013,0.0028204876,0,train_2013_2018
Urue Offong/Oruko,2013,0.99700886,1,train_2013_2018
Abak,2013,0.0028204876,0,train_2013_2018
Nkanu East,2013,0.99650997,1,train_2013_2018
Igbo-Eze-South,2013,0.0036548162,0,train_2013_2018
Nsukka,2013,0.0024947312,0,train_2013_2018
Tai,2013,0.9962167,1,train_2013_2018
Ife North,2013,0.0030247476,0,train_2013_2018
Ayedade,2013,0.0028564213,0,train_2013_2018
Ayedire,2013,0.0032934458,0,train_2013_2018
Ahoada East,2013,0.9964114,1,train_2013_2018
Iseyin,2013,0.0027985082,0,train_2013_2018
Itesiwaju,2013,0.0033937388,0,train_2013_2018
Kajola,2013,0.0030685677,0,train_2013_2018
Nkanu West,2013,0.9962889,1,train_2013_2018
Afikpo North,2013,0.0031286506,0,train_2013_2018
Donga,2013,0.0028244976,0,train_2013_2018
Oji-River,2013,0.0028606427,0,train_2013_2018
Oyun,2013,0.0033580046,0,train_2013_2018
Ogbia,2013,0.9971085,1,train_2013_2018
Asari-Toru,2013,0.00291105,0,train_2013_2018
Uyo,2013,0.0025488785,0,train_2013_2018
Ikono,2013,0.0035181085,0,train_2013_2018
Baruten,2013,0.0029321664,0,train_2013_2018
Lagelu,2013,0.0028606427,0,train_2013_2018
Idah,2013,0.0031361773,0,train_2013_2018
Machina,2013,0.9972057,1,train_2013_2018
Ibaji,2013,0.99649835,1,train_2013_2018
Municipal Area Council,2013,0.0021283014,0,train_2013_2018
Kaiama,2013,0.002805527,0,train_2013_2018
Bakura,2013,0.9973055,1,train_2013_2018
Nguru,2013,0.003385559,0,train_2013_2018
Gummi,2013,0.9967577,1,train_2013_2018
Ajingi,2013,0.0035293517,0,train_2013_2018
Port-Harcourt,2013,0.9961222,1,train_2013_2018
Augie,2013,0.99758804,1,train_2013_2018
Kebbe,2013,0.997134,1,train_2013_2018
Surulere,2013,0.004165006,0,train_2013_2018
Ringim,2013,0.9975178,1,train_2013_2018
Emuoha,2013,0.002330118,0,train_2013_2018
Isi-Uzo,2013,0.0036210367,0,train_2013_2018
Yenegoa,2013,0.0022589765,0,train_2013_2018
Ilorin East,2013,0.9950836,1,train_2013_2018
Alkaleri,2013,0.997134,1,train_2013_2018
Omumma,2013,0.00341195,0,train_2013_2018
Birnin Kudu,2013,0.9973688,1,train_2013_2018
Takum,2013,0.99616516,1,train_2013_2018
Esan South-East,2013,0.0038405294,0,train_2013_2018
Ifedayo,2013,0.9968395,1,train_2013_2018
Ori Ire,2013,0.0031454081,0,train_2013_2018
Ifelodun,2013,0.0025710172,0,train_2013_2018
Maradun,2013,0.9975738,1,train_2013_2018
Aninri,2013,0.99740654,1,train_2013_2018
Abakaliki,2013,0.9962691,1,train_2013_2018
Pategi,2013,0.99645066,1,train_2013_2018
Biriniwa,2013,0.9976307,1,train_2013_2018
Ussa,2013,0.99669087,1,train_2013_2018
Silame,2013,0.9972711,1,train_2013_2018
Takai,2013,0.9970079,1,train_2013_2018
Bwari,2013,0.0020879155,0,train_2013_2018
Edu,2013,0.9971675,1,train_2013_2018
Jema'A,2013,0.003238539,0,train_2013_2018
Gumel,2013,0.9965056,1,train_2013_2018
Binji,2013,0.0033157507,0,train_2013_2018
Kware,2013,0.9972869,1,train_2013_2018
Bunza,2013,0.9969351,1,train_2013_2018
Mopa-Muro,2013,0.002596202,0,train_2013_2018
Sokoto North,2013,0.99620014,1,train_2013_2018
Musawa,2013,0.997357,1,train_2013_2018
Ethiope West,2013,0.0021376987,0,train_2013_2018
Ishielu,2013,0.99646336,1,train_2013_2018
Sakaba,2013,0.9967037,1,train_2013_2018
Kudan,2013,0.003242146,0,train_2013_2018
Kachia,2013,0.9968094,1,train_2013_2018
Sabon Birni,2013,0.99725515,1,train_2013_2018
Uzo-Uwani,2013,0.99696416,1,train_2013_2018
Jaba,2013,0.99694294,1,train_2013_2018
Ibesikpo Asutan,2013,0.99600405,1,train_2013_2018
Sokoto South,2013,0.0028081695,0,train_2013_2018
Yabo,2013,0.99667597,1,train_2013_2018
Damboa,2013,0.002887974,0,train_2013_2018
Matazu,2013,0.99702495,1,train_2013_2018
Sandamu,2013,0.9973482,1,train_2013_2018
Mashi,2013,0.9976866,1,train_2013_2018
Dan Musa,2013,0.99646336,1,train_2013_2018
Kura,2013,0.99614453,1,train_2013_2018
Lere,2013,0.9967289,1,train_2013_2018
Zango,2013,0.99764496,1,train_2013_2018
Wurno,2013,0.0036274854,0,train_2013_2018
Gudu,2013,0.9968004,1,train_2013_2018
Gwiwa,2013,0.9976732,1,train_2013_2018
Birnin Kebbi,2013,0.9963008,1,train_2013_2018
Suru,2013,0.99706584,1,train_2013_2018
Numan,2013,0.9962347,1,train_2013_2018
Biu,2013,0.0032913224,0,train_2013_2018
Kaduna South,2013,0.0027516258,0,train_2013_2018
Dikwa,2013,0.9967577,1,train_2013_2018
Zaria,2013,0.0026624696,0,train_2013_2018
Kalgo,2013,0.9967514,1,train_2013_2018
Yankwashi,2013,0.9976119,1,train_2013_2018
Kaura,2013,0.0036032007,0,train_2013_2018
Lamurde,2013,0.99685174,1,train_2013_2018
Monguno,2013,0.0033052047,0,train_2013_2018
Enugu East,2013,0.99492115,1,train_2013_2018
Ngala,2013,0.0028257456,0,train_2013_2018
Gubio,2013,0.0028602092,0,train_2013_2018
Yagba East,2013,0.0038181797,0,train_2013_2018
Chibok,2013,0.0033502786,0,train_2013_2018
Tureta,2013,0.9968971,1,train_2013_2018
Gashaka,2013,0.99681735,1,train_2013_2018
Bauchi,2013,0.9967962,1,train_2013_2018
Hawul,2013,0.003840876,0,train_2013_2018
Uruan,2013,0.9967332,1,train_2013_2018
Mayo-Belwa,2013,0.99623704,1,train_2013_2018
Mubi South,2013,0.9969326,1,train_2013_2018
Etsako West,2013,0.0033243296,0,train_2013_2018
Fune,2013,0.9971616,1,train_2013_2018
Mobbar,2013,0.0028602092,0,train_2013_2018
Potiskum,2013,0.9956417,1,train_2013_2018
Gwoza,2013,0.9966446,1,train_2013_2018
Guzamala,2013,0.003222872,0,train_2013_2018
Maiha,2013,0.9968736,1,train_2013_2018
Gulani,2013,0.9972057,1,train_2013_2018
Zing,2013,0.14239657,0,train_2013_2018
Orelope,2013,0.0034108332,0,train_2013_2018
Nsit Ibom,2013,0.0027814421,0,train_2013_2018
Fufore,2013,0.9968635,1,train_2013_2018
Mkpat Enin,2013,0.0035181085,0,train_2013_2018
Owan West,2013,0.0030190356,0,train_2013_2018
Kaga,2013,0.0028505994,0,train_2013_2018
Karim Lamido,2013,0.99621576,1,train_2013_2018
Kukawa,2013,0.0028984768,0,train_2013_2018
Gombi,2013,0.99680233,1,train_2013_2018
Guyuk,2013,0.9976586,1,train_2013_2018
Tudun Wada,2013,0.9975442,1,train_2013_2018
Saki West,2013,0.9962089,1,train_2013_2018
Toungo,2013,0.9966491,1,train_2013_2018
Abua/Odual,2013,0.99655175,1,train_2013_2018
Bungudu,2013,0.9969656,1,train_2013_2018
Shani,2013,0.003860896,0,train_2013_2018
Shagari,2013,0.99685305,1,train_2013_2018
Yunusari,2013,0.9968925,1,train_2013_2018
Ganye,2013,0.99676126,1,train_2013_2018
Jada,2013,0.0029020053,0,train_2013_2018
Bali,2013,0.99669266,1,train_2013_2018
Shelleng,2013,0.99758804,1,train_2013_2018
Okitipupa,2013,0.0022498276,0,train_2013_2018
Bayo,2013,0.003910217,0,train_2013_2018
Ikot Abasi,2013,0.0027814421,0,train_2013_2018
Maiduguri,2013,0.0028081695,0,train_2013_2018
Gujba,2013,0.9968004,1,train_2013_2018
Esan North-East,2013,0.0021716107,0,train_2013_2018
Tafawa-Balewa,2013,0.0044230563,0,train_2013_2018
Nangere,2013,0.99684733,1,train_2013_2018
Ika,2013,0.0033350948,0,train_2013_2018
Dambam,2013,0.9976351,1,train_2013_2018
Ganjuwa,2013,0.9975503,1,train_2013_2018
Nganzai,2013,0.002887974,0,train_2013_2018
Ahoada West,2013,0.003573681,0,train_2013_2018
Song,2013,0.9965879,1,train_2013_2018
Oshimili North,2013,0.0027223623,0,train_2013_2018
Gokana,2013,0.0034819762,0,train_2013_2018
Bukkuyum,2013,0.99682033,1,train_2013_2018
Damaturu,2013,0.9962948,1,train_2013_2018
Geidam,2013,0.9968004,1,train_2013_2018
Tarmuwa,2013,0.9968004,1,train_2013_2018
Madagali,2013,0.9972447,1,train_2013_2018
Michika,2013,0.9968497,1,train_2013_2018
Mubi North,2013,0.9965139,1,train_2013_2018
Owan East,2013,0.004267612,0,train_2013_2018
Hong,2013,0.0026340142,0,train_2013_2018
Nassarawa,2013,0.99620014,1,train_2013_2018
Sabuwa,2013,0.9971717,1,train_2013_2018
Ohaozara,2013,0.9965348,1,train_2013_2018
Kaura Namoda,2013,0.9968364,1,train_2013_2018
Dutsi,2013,0.9974928,1,train_2013_2018
Kabo,2013,0.9971179,1,train_2013_2018
Dandume,2013,0.997171,1,train_2013_2018
Dawakin Tofa,2013,0.99727374,1,train_2013_2018
Gezawa,2013,0.99617743,1,train_2013_2018
Bodinga,2013,0.9958462,1,train_2013_2018
Zurmi,2013,0.9972216,1,train_2013_2018
Warawa,2013,0.99725807,1,train_2013_2018
Tangaza,2013,0.99725515,1,train_2013_2018
Maigatari,2013,0.9976077,1,train_2013_2018
Danja,2013,0.0039951783,0,train_2013_2018
Fagge,2013,0.9962268,1,train_2013_2018
Jibia,2013,0.0042912876,0,train_2013_2018
Eleme,2013,0.0027516258,0,train_2013_2018
Bebeji,2013,0.99637526,1,train_2013_2018
Rano,2013,0.9970571,1,train_2013_2018
Tarauni,2013,0.9961222,1,train_2013_2018
Etinan,2013,0.0028081695,0,train_2013_2018
Yewa South,2013,0.9972185,1,train_2013_2018
Argungu,2013,0.0039423383,0,train_2013_2018
Kiru,2013,0.99745613,1,train_2013_2018
Batagarawa,2013,0.99654835,1,train_2013_2018
Bomadi,2013,0.99693525,1,train_2013_2018
Kwaya Kusar,2013,0.0031144074,0,train_2013_2018
Igbo-Etiti,2013,0.99526995,1,train_2013_2018
Doguwa,2013,0.9972216,1,train_2013_2018
Bade,2013,0.9973055,1,train_2013_2018
Itu,2013,0.99598783,1,train_2013_2018
Bama,2013,0.0032111974,0,train_2013_2018
Gada,2013,0.99746144,1,train_2013_2018
Gusau,2013,0.99635506,1,train_2013_2018
Lagos Mainland,2013,0.99606776,1,train_2013_2018
Kaita,2013,0.99746144,1,train_2013_2018
Minjibir,2013,0.99727374,1,train_2013_2018
Ini,2013,0.0040487694,0,train_2013_2018
Talata Mafara,2013,0.0032375755,0,train_2013_2018
Gwandu,2013,0.9968982,1,train_2013_2018
Birnin Magaji-Kiyaw,2013,0.9972216,1,train_2013_2018
Shanono,2013,0.9973356,1,train_2013_2018
Rogo,2013,0.9970571,1,train_2013_2018
Batsari,2013,0.9972029,1,train_2013_2018
Eket,2013,0.9962268,1,train_2013_2018
Okobo,2013,0.0034714031,0,train_2013_2018
Kano Municipal,2013,0.0028081695,0,train_2013_2018
Bursari,2013,0.9968004,1,train_2013_2018
Maiyama,2013,0.003269966,0,train_2013_2018
Lagos Island,2013,0.99606776,1,train_2013_2018
Madobi,2013,0.99730647,1,train_2013_2018
Miga,2013,0.9977563,1,train_2013_2018
Rimi,2013,0.99723214,1,train_2013_2018
Gabasawa,2013,0.9975114,1,train_2013_2018
Aleiro,2013,0.99677855,1,train_2013_2018
Ungogo,2013,0.99700886,1,train_2013_2018
Tambuwal,2013,0.003880698,0,train_2013_2018
Jega,2013,0.0033387186,0,train_2013_2018
Katsina,2013,0.002725435,0,train_2013_2018
Dawakin Kudu,2013,0.99609756,1,train_2013_2018
Arewa Dandi,2013,0.99753016,1,train_2013_2018
Etim Ekpo,2013,0.0028081695,0,train_2013_2018
Albasu,2013,0.9975896,1,train_2013_2018
Marte,2013,0.0031803348,0,train_2013_2018
Kumbotso,2013,0.9961222,1,train_2013_2018
Kazaure,2013,0.99741626,1,train_2013_2018
Malumfashi,2013,0.0036631096,0,train_2013_2018
Udi,2013,0.0024639973,0,train_2013_2018
Dutse,2013,0.99697304,1,train_2013_2018
Gwaram,2013,0.99743634,1,train_2013_2018
Zangon Kataf,2013,0.004344267,0,train_2013_2018
Kiyawa,2013,0.9975083,1,train_2013_2018
Zaki,2013,0.9976635,1,train_2013_2018
Opobo/Nkoro,2013,0.00318953,0,train_2013_2018
Shira,2013,0.9977563,1,train_2013_2018
Dass,2013,0.9972487,1,train_2013_2018
Enugu North,2013,0.99560505,1,train_2013_2018
Buji,2013,0.99743074,1,train_2013_2018
Ukanafun,2013,0.997148,1,train_2013_2018
Agaie,2013,0.9962081,1,train_2013_2018
Bagwai,2013,0.9973036,1,train_2013_2018
Kajuru,2013,0.0039374563,0,train_2013_2018
Katcha,2013,0.12607114,0,train_2013_2018
Kafur,2013,0.99770784,1,train_2013_2018
Wasagu-Danko,2013,0.99754447,1,train_2013_2018
Bida,2013,0.0029364508,0,train_2013_2018
Kirfi,2013,0.9973122,1,train_2013_2018
Dandi,2013,0.9973122,1,train_2013_2018
Bagudu,2013,0.997134,1,train_2013_2018
Kankara,2013,0.9974158,1,train_2013_2018
Itas/Gadau,2013,0.9975682,1,train_2013_2018
Apapa,2013,0.0027516258,0,train_2013_2018
Ondo East,2013,0.002875313,0,train_2013_2018
Warji,2013,0.9973827,1,train_2013_2018
Katagum,2013,0.99681646,1,train_2013_2018
Mani,2013,0.004255294,0,train_2013_2018
Sanga,2013,0.0028617107,0,train_2013_2018
Bogoro,2013,0.9972977,1,train_2013_2018
Fika,2013,0.99713576,1,train_2013_2018
Kuje,2013,0.9969351,1,train_2013_2018
Sule Tankarkar,2013,0.9976307,1,train_2013_2018
Ibadan North East,2013,0.002769294,0,train_2013_2018
Bindawa,2013,0.9969042,1,train_2013_2018
Ilorin South,2013,0.0022839112,0,train_2013_2018
Gamawa,2013,0.9975442,1,train_2013_2018
Kafin Hausa,2013,0.9976307,1,train_2013_2018
Ado Odo/Ota,2013,0.99573237,1,train_2013_2018
Garko,2013,0.9974564,1,train_2013_2018
Kubau,2013,0.0039599673,0,train_2013_2018
Wukari,2013,0.0029755135,0,train_2013_2018
Gwarzo,2013,0.9973635,1,train_2013_2018
Oyigbo,2013,0.0027919873,0,train_2013_2018
Ughelli South,2013,0.0038514761,0,train_2013_2018
Fakai,2013,0.9970599,1,train_2013_2018
Kaugama,2013,0.9973471,1,train_2013_2018
Esan Central,2013,0.0031119303,0,train_2013_2018
Goronyo,2013,0.99725515,1,train_2013_2018
Ibarapa East,2013,0.0033387186,0,train_2013_2018
Ikpoba-Okha,2013,0.0019449661,0,train_2013_2018
Awgu,2013,0.0026702082,0,train_2013_2018
Olorunsogo,2013,0.0029457535,0,train_2013_2018
Kabba/Bunu,2013,0.0028321915,0,train_2013_2018
Ningi,2013,0.9975503,1,train_2013_2018
Kurmi,2013,0.99616253,1,train_2013_2018
Bakori,2013,0.9964743,1,train_2013_2018
Nsit Atai,2013,0.0035181085,0,train_2013_2018
Kankia,2013,0.9975805,1,train_2013_2018
Gagarawa,2013,0.9977563,1,train_2013_2018
Giade,2013,0.99746144,1,train_2013_2018
Iguegben,2013,0.0033151219,0,train_2013_2018
Akure North,2013,0.00316973,0,train_2013_2018
Khana,2013,0.003006439,0,train_2013_2018
Oruk Anam,2013,0.0031942772,0,train_2013_2018
Misau,2013,0.9973647,1,train_2013_2018
Kolokuma/Opokuma,2013,0.99657685,1,train_2013_2018
Karaye,2013,0.99690324,1,train_2013_2018
Sagbama,2013,0.9976307,1,train_2013_2018
Garki,2013,0.9973194,1,train_2013_2018
Mai'Adua,2013,0.9972524,1,train_2013_2018
Ezza North,2013,0.99746263,1,train_2013_2018
Ibi,2013,0.99627197,1,train_2013_2018
Omala,2013,0.003095992,0,train_2013_2018
Ile Oluji/Okeigbo,2013,0.0028327708,0,train_2013_2018
Baure,2013,0.99769706,1,train_2013_2018
Dutsin Ma,2013,0.0039966432,0,train_2013_2018
Uhunmwonde,2013,0.002433993,0,train_2013_2018
Taura,2013,0.996985,1,train_2013_2018
Ughelli North,2013,0.002097081,0,train_2013_2018
Orhionmwon,2013,0.003192802,0,train_2013_2018
Soba,2013,0.0041042496,0,train_2013_2018
Karasuwa,2013,0.9973122,1,train_2013_2018
Ondo West,2013,0.9951397,1,train_2013_2018
Ika South,2013,0.99588686,1,train_2013_2018
Oye,2013,0.997357,1,train_2013_2018
Bichi,2013,0.9976452,1,train_2013_2018
Kwali,2013,0.99683243,1,train_2013_2018
Oyo West,2013,0.0019218351,0,train_2013_2018
Kusada,2013,0.99748355,1,train_2013_2018
Roni,2013,0.99754936,1,train_2013_2018
Toro,2013,0.99669856,1,train_2013_2018
Akure South,2013,0.002725435,0,train_2013_2018
Igabi,2013,0.0027154891,0,train_2013_2018
Okene,2013,0.0027814421,0,train_2013_2018
Onitsha South,2013,0.99606365,1,train_2013_2018
Agatu,2013,0.9970258,1,train_2013_2018
Dala,2013,0.0035181085,0,train_2013_2018
Anka,2013,0.99717855,1,train_2013_2018
Tofa,2013,0.003461056,0,train_2013_2018
Ingawa,2013,0.9976866,1,train_2013_2018
Uvwie,2013,0.0027998483,0,train_2013_2018
Idanre,2013,0.0025710172,0,train_2013_2018
Okpe,2013,0.0025949455,0,train_2013_2018
Anambra West,2013,0.99674064,1,train_2013_2018
Mushin,2013,0.99620014,1,train_2013_2018
Shagamu,2013,0.0022917632,0,train_2013_2018
Biase,2013,0.004494655,0,train_2013_2018
Gaya,2013,0.9970798,1,train_2013_2018
Charanchi,2013,0.99688333,1,train_2013_2018
Etsako Central,2013,0.0037618468,0,train_2013_2018
Darazo,2013,0.9966587,1,train_2013_2018
Ijumu,2013,0.0028716566,0,train_2013_2018
Irepodun,2013,0.9962704,1,train_2013_2018
Egbeda,2013,0.002725435,0,train_2013_2018
Akoko South East,2013,0.0025765062,0,train_2013_2018
Faskari,2013,0.0037574267,0,train_2013_2018
Makarfi,2013,0.003327293,0,train_2013_2018
Udu,2013,0.0028429679,0,train_2013_2018
Bunkure,2013,0.9973036,1,train_2013_2018
Funtua,2013,0.0027814421,0,train_2013_2018
Dambatta,2013,0.9976732,1,train_2013_2018
Jakusko,2013,0.0038499814,0,train_2013_2018
Gwale,2013,0.99620014,1,train_2013_2018
Babura,2013,0.99746144,1,train_2013_2018
Sapele,2013,0.0021128794,0,train_2013_2018
Ika North East,2013,0.0021376987,0,train_2013_2018
Surulere,2013,0.0027135308,0,train_2013_2018
Garun Malam,2013,0.9961637,1,train_2013_2018
Offa,2013,0.0026752697,0,train_2013_2018
Shomolu,2013,0.002717441,0,train_2013_2018
Makoda,2013,0.9972355,1,train_2013_2018
Rimin Gado,2013,0.99741626,1,train_2013_2018
Yusufari,2013,0.99683124,1,train_2013_2018
Bassa,2013,0.0029371418,0,train_2013_2018
Jahun,2013,0.9977563,1,train_2013_2018
Kurfi,2013,0.0035071645,0,train_2013_2018
Esan West,2013,0.99557495,1,train_2013_2018
Kaduna North,2013,0.0027135308,0,train_2013_2018
Daura,2013,0.9962167,1,train_2013_2018
Gassol,2013,0.0033372748,0,train_2013_2018
Auyo,2013,0.99733305,1,train_2013_2018
Wudil,2013,0.9970446,1,train_2013_2018
Ikara,2013,0.0040880777,0,train_2013_2018
Ifedore,2013,0.0022839112,0,train_2013_2018
Lavun,2013,0.9967379,1,train_2013_2018
Dange Shuni,2013,0.9966235,1,train_2013_2018
Yewa North,2013,0.0036824432,0,train_2013_2018
Tsafe,2013,0.9976307,1,train_2013_2018
Ekiti,2013,0.0034844305,0,train_2013_2018
Zuru,2013,0.9972132,1,train_2013_2018
Yagba West,2013,0.003251683,0,train_2013_2018
Kogi,2013,0.002838999,0,train_2013_2018
Olamaboro,2013,0.0035380255,0,train_2013_2018
Odigbo,2013,0.9966798,1,train_2013_2018
Agege,2013,0.0027516258,0,train_2013_2018
Kibiya,2013,0.99690324,1,train_2013_2018
Isin,2013,0.003046876,0,train_2013_2018
Sabon Gari,2013,0.0027636965,0,train_2013_2018
Malam Madori,2013,0.99692935,1,train_2013_2018
Lokoja,2013,0.9959121,1,train_2013_2018
Ede South,2013,0.0024720104,0,train_2013_2018
Giwa,2013,0.00391266,0,train_2013_2018
Ikole,2013,0.0043025613,0,train_2013_2018
Kunchi,2013,0.99754936,1,train_2013_2018
Guri,2013,0.9975204,1,train_2013_2018
Maru,2013,0.99717194,1,train_2013_2018
Dukku,2013,0.99753016,1,train_2013_2018
Wamakko,2013,0.99583626,1,train_2013_2018
Oke Ero,2013,0.0031977834,0,train_2013_2018
Oshodi/Isolo,2013,0.0028280308,0,train_2013_2018
Abadam,2013,0.0028984768,0,train_2013_2018
Moba,2013,0.99684465,1,train_2013_2018
Gwagwalada,2013,0.0021863575,0,train_2013_2018
Kagarko,2013,0.9969854,1,train_2013_2018
Abaji,2013,0.0032812064,0,train_2013_2018
Sardauna,2013,0.003095886,0,train_2013_2018
Shanga,2013,0.9967886,1,train_2013_2018
Birnin Gwari,2013,0.0033353388,0,train_2013_2018
Ngaski,2013,0.996436,1,train_2013_2018
Chikun,2013,0.0027168917,0,train_2013_2018
Yauri,2013,0.9960349,1,train_2013_2018
Kauru,2013,0.004284417,0,train_2013_2018
Demsa,2013,0.002987437,0,train_2013_2018
Umuahia South,2013,0.0027998483,0,train_2013_2018
Obokun,2013,0.9968375,1,train_2013_2018
Owerri West,2013,0.9962697,1,train_2013_2018
Nasarawa,2013,0.002918707,0,train_2013_2018
Idemili South,2013,0.0028372798,0,train_2013_2018
Aba North,2013,0.0024274106,0,train_2013_2018
Odeda,2013,0.0028827747,0,train_2013_2018
Ijebu East,2013,0.0023611283,0,train_2013_2018
Okpokwu,2013,0.0036796606,0,train_2013_2018
Shomgom,2013,0.0038524894,0,train_2013_2018
Ado-Ekiti,2013,0.0024291317,0,train_2013_2018
Ahiazu-Mbaise,2013,0.9969668,1,train_2013_2018
Ankpa,2013,0.003910217,0,train_2013_2018
Nkwerre,2013,0.99624026,1,train_2013_2018
Apa,2013,0.9967367,1,train_2013_2018
Kwande,2013,0.99676406,1,train_2013_2018
Ikom,2013,0.0026912251,0,train_2013_2018
Ido-Osi,2013,0.0033350948,0,train_2013_2018
Ukwa East,2013,0.99641067,1,train_2013_2018
Ukwa West,2013,0.0028606427,0,train_2013_2018
Nnewi South,2013,0.9966876,1,train_2013_2018
Bende,2013,0.99654835,1,train_2013_2018
Okigwe,2013,0.0028898118,0,train_2013_2018
Jama'Are,2013,0.99708456,1,train_2013_2018
Kokona,2013,0.99625313,1,train_2013_2018
Mafa,2013,0.0033353388,0,train_2013_2018
Akko,2013,0.9965934,1,train_2013_2018
Ushongo,2013,0.9970258,1,train_2013_2018
Ehime-Mbano,2013,0.0034691587,0,train_2013_2018
Ideato South,2013,0.9972355,1,train_2013_2018
Ife South,2013,0.9962239,1,train_2013_2018
Oyi,2013,0.99623907,1,train_2013_2018
Ekiti South-West,2013,0.0035676144,0,train_2013_2018
Ayamelum,2013,0.9969177,1,train_2013_2018
Aboh-Mbaise,2013,0.0027641077,0,train_2013_2018
Ilejemeje,2013,0.0033928792,0,train_2013_2018
Mbatoli,2013,0.9962889,1,train_2013_2018
Akamkpa,2013,0.99717194,1,train_2013_2018
Obi Nwga,2013,0.9959591,1,train_2013_2018
Logo,2013,0.9971008,1,train_2013_2018
Guma,2013,0.99634534,1,train_2013_2018
Ogoja,2013,0.0028891414,0,train_2013_2018
Ohafia,2013,0.9963302,1,train_2013_2018
Orumba North,2013,0.003332897,0,train_2013_2018
Ado,2013,0.9976307,1,train_2013_2018
Toto,2013,0.99641377,1,train_2013_2018
Egbedore,2013,0.0027429054,0,train_2013_2018
Owerri North,2013,0.9958021,1,train_2013_2018
Idemili North,2013,0.0029138695,0,train_2013_2018
Isiala-Ngwa South,2013,0.9960116,1,train_2013_2018
Funakaye,2013,0.9973055,1,train_2013_2018
Katsina-Ala,2013,0.9966355,1,train_2013_2018
Mokwa,2013,0.0032532273,0,train_2013_2018
Aba South,2013,0.99620014,1,train_2013_2018
Edati,2013,0.0036584977,0,train_2013_2018
Odogbolu,2013,0.0023641156,0,train_2013_2018
Balanga,2013,0.99762136,1,train_2013_2018
Ijebu North East,2013,0.0028429679,0,train_2013_2018
Oturkpo,2013,0.0031395794,0,train_2013_2018
Abi,2013,0.0031768659,0,train_2013_2018
Ideato North,2013,0.9966112,1,train_2013_2018
Oriade,2013,0.0029364508,0,train_2013_2018
Illela,2013,0.9973194,1,train_2013_2018
Nwangele,2013,0.9969668,1,train_2013_2018
Ife East,2013,0.0028616209,0,train_2013_2018
Obanliku,2013,0.0031987866,0,train_2013_2018
Onuimo,2013,0.9972355,1,train_2013_2018
Qua'An Pan,2013,0.9964863,1,train_2013_2018
Ngor-Okpala,2013,0.996527,1,train_2013_2018
Ona Ara,2013,0.0035869689,0,train_2013_2018
Igbo-Eze North,2013,0.0035181085,0,train_2013_2018
Oju,2013,0.9970258,1,train_2013_2018
Boluwaduro,2013,0.0031060851,0,train_2013_2018
Shinkafi,2013,0.9972711,1,train_2013_2018
Orsu,2013,0.9966409,1,train_2013_2018
Anaocha,2013,0.0027814421,0,train_2013_2018
Bekwarra,2013,0.0028601151,0,train_2013_2018
Umu-Nneochi,2013,0.0024340022,0,train_2013_2018
Ose,2013,0.9975204,1,train_2013_2018
Nnewi North,2013,0.9960116,1,train_2013_2018
Akoko North West,2013,0.0031762575,0,train_2013_2018
Ilesha East,2013,0.0028404358,0,train_2013_2018
Njikoka,2013,0.99628156,1,train_2013_2018
Ohaji/Egbema,2013,0.9969194,1,train_2013_2018
Gombe,2013,0.9961468,1,train_2013_2018
Owerri Municipal,2013,0.99560505,1,train_2013_2018
Keana,2013,0.9972677,1,train_2013_2018
Ohaukwu,2013,0.9967187,1,train_2013_2018
Gbonyin,2013,0.0034622187,0,train_2013_2018
Isiala Mbano,2013,0.99727374,1,train_2013_2018
Irepodun/Ifelodun,2013,0.0030916387,0,train_2013_2018
Obowo,2013,0.0027220233,0,train_2013_2018
Isuikwuato,2013,0.0030553,0,train_2013_2018
Makurdi,2013,0.0019707961,0,train_2013_2018
Gboko,2013,0.99690765,1,train_2013_2018
Ife Central,2013,0.0028429679,0,train_2013_2018
Isiala-Ngwa North,2013,0.0027828945,0,train_2013_2018
Yakurr,2013,0.99676776,1,train_2013_2018
Billiri,2013,0.9971168,1,train_2013_2018
Dunukofia,2013,0.99602354,1,train_2013_2018
Osisioma Ngwa,2013,0.0027724023,0,train_2013_2018
Ola Oluwa,2013,0.0030416762,0,train_2013_2018
Wamba,2013,0.99669087,1,train_2013_2018
Boripe,2013,0.0036378424,0,train_2013_2018
Yala,2013,0.0036312048,0,train_2013_2018
Aguata,2013,0.003351226,0,train_2013_2018
Calabar Municipal,2013,0.0024917652,0,train_2013_2018
Onitsha North,2013,0.0024274106,0,train_2013_2018
Ukum,2013,0.99703383,1,train_2013_2018
Isa,2013,0.0038873171,0,train_2013_2018
Ogun Waterside,2013,0.003026258,0,train_2013_2018
Ifelodun,2013,0.002314168,0,train_2013_2018
Arochukwu,2013,0.99597365,1,train_2013_2018
Ijebu Ode,2013,0.002388644,0,train_2013_2018
Magumeri,2013,0.0028984768,0,train_2013_2018
Boki,2013,0.00303705,0,train_2013_2018
Kwami,2013,0.99710804,1,train_2013_2018
Ekiti East,2013,0.002485878,0,train_2013_2018
Moro,2013,0.0023372832,0,train_2013_2018
Ezinihitte,2013,0.99727374,1,train_2013_2018
Kala Balge,2013,0.0029996561,0,train_2013_2018
Awe,2013,0.99629503,1,train_2013_2018
Orolu,2013,0.0028138382,0,train_2013_2018
Obubra,2013,0.002681668,0,train_2013_2018
Akoko-Edo,2013,0.0040552276,0,train_2013_2018
Osogbo,2013,0.99560505,1,train_2013_2018
Ise/Orun,2013,0.0036222155,0,train_2013_2018
Njaba,2013,0.9972355,1,train_2013_2018
Obi,2013,0.0035186803,0,train_2013_2018
Buruku,2013,0.0029220255,0,train_2013_2018
Obudu,2013,0.0029111067,0,train_2013_2018
Orlu,2013,0.0026752697,0,train_2013_2018
Iwo,2013,0.0028429679,0,train_2013_2018
Awka North,2013,0.99545115,1,train_2013_2018
Tarka,2013,0.99645656,1,train_2013_2018
Umuahia North,2013,0.0026404571,0,train_2013_2018
Odo Otin,2013,0.0030710835,0,train_2013_2018
Ihiala,2013,0.99584144,1,train_2013_2018
Ilesha West,2013,0.0026832982,0,train_2013_2018
Kaltungo,2013,0.9967514,1,train_2013_2018
Irepodun,2013,0.99700886,1,train_2013_2018
Ebonyi,2013,0.0028229041,0,train_2013_2018
Lafia,2013,0.9962909,1,train_2013_2018
Ijebu North,2013,0.0023803592,0,train_2013_2018
Ndokwa West,2013,0.0033066329,0,train_2013_2018
Ikeduru,2013,0.9967578,1,train_2013_2018
Okehi,2013,0.0022594796,0,train_2013_2018
Yamaltu/Deba,2013,0.99769706,1,train_2013_2018
Emure,2013,0.0045302445,0,train_2013_2018
Ikere,2013,0.0022369227,0,train_2013_2018
Oguta,2013,0.9966181,1,train_2013_2018
Konshisha,2013,0.99704295,1,train_2013_2018
Ejigbo,2013,0.9963182,1,train_2013_2018
Gwer West,2013,0.99723357,1,train_2013_2018
Etung,2013,0.0028801728,0,train_2013_2018
Ekwusigo,2013,0.0027998483,0,train_2013_2018
Ijero,2013,0.99661046,1,train_2013_2018
Ugwunagbo,2013,0.0026752697,0,train_2013_2018
Olorunda,2013,0.996271,1,train_2013_2018
Nasarawa Egon,2013,0.99640924,1,train_2013_2018
Ede North,2013,0.0026404571,0,train_2013_2018
Afikpo South,2013,0.997068,1,train_2013_2018
Oru West,2013,0.0026752697,0,train_2013_2018
Anambra East,2013,0.99561465,1,train_2013_2018
Vandeikya,2013,0.99725467,1,train_2013_2018
Atakunmosa West,2013,0.0028956214,0,train_2013_2018
Ogbaru,2013,0.0023451217,0,train_2013_2018
Ikwuano,2013,0.0033983914,0,train_2013_2018
Keffi,2013,0.99614906,1,train_2013_2018
Adavi,2013,0.0020866385,0,train_2013_2018
Oru East,2013,0.002869537,0,train_2013_2018
Remo North,2013,0.002598988,0,train_2013_2018
Karu,2013,0.9958587,1,train_2013_2018
Ikenne,2013,0.9957463,1,train_2013_2018
Ila,2013,0.0030069824,0,train_2013_2018
Doma,2013,0.002782544,0,train_2013_2018
Nafada,2013,0.9972216,1,train_2013_2018
Gwer East,2013,0.0029718603,0,train_2013_2018
Efon,2013,0.9965329,1,train_2013_2018
Ihitte/Uboma,2013,0.99700886,1,train_2013_2018
Ekiti West,2013,0.0031586078,0,train_2013_2018
Atisbo,2013,0.0032803267,0,train_2013_2018
Isu,2013,0.9972355,1,train_2013_2018
Ogbadibo,2013,0.0028212655,0,train_2013_2018
Atakunmosa East,2013,0.0034655076,0,train_2013_2018
Akwanga,2013,0.99637336,1,train_2013_2018
Rafi,2013,0.0026550903,0,train_2013_2018
Odukpani,2013,0.9964495,1,train_2013_2018
Gbako,2013,0.0032071797,0,train_2013_2018
Ukwuani,2013,0.996523,1,train_2013_2018
Awka South,2013,0.0024274106,0,train_2013_2018
Gurara,2013,0.9963379,1,train_2013_2018
Kontagora,2013,0.0031884448,0,train_2013_2018
Mashegu,2013,0.00288342,0,train_2013_2018
Wushishi,2013,0.9960211,1,train_2013_2018
Shiroro,2013,0.0029341204,0,train_2013_2018
Borgu,2013,0.0031089613,0,train_2013_2018
Lapai,2013,0.002785679,0,train_2013_2018
Akoko South West,2013,0.0021496795,0,train_2013_2018
Rijau,2013,0.004214185,0,train_2013_2018
Chanchaga,2013,0.0027998483,0,train_2013_2018
Mariga,2013,0.0029814,0,train_2013_2018
Munya,2013,0.0029696303,0,train_2013_2018
Bosso,2013,0.9960353,1,train_2013_2018
Suleja,2013,0.002725435,0,train_2013_2018
Paikoro,2013,0.0029424154,0,train_2013_2018
Kanke,2013,0.9967367,1,train_2013_2018
Jos North,2013,0.0028280308,0,train_2013_2018
Jos East,2013,0.9965469,1,train_2013_2018
Oredo,2013,0.0020387627,0,train_2013_2018
Patani,2013,0.0024850103,0,train_2013_2018
Shendam,2013,0.9968894,1,train_2013_2018
Egor,2013,0.0027135308,0,train_2013_2018
Langtang North,2013,0.9966259,1,train_2013_2018
Jos South,2013,0.0025257599,0,train_2013_2018
Mikang,2013,0.0035052453,0,train_2013_2018
Barkin Ladi,2013,0.0032248194,0,train_2013_2018
Pankshin,2013,0.99676967,1,train_2013_2018
Bokkos,2013,0.9968029,1,train_2013_2018
Wase,2013,0.996375,1,train_2013_2018
Bassa,2013,0.0033530071,0,train_2013_2018
Orumba South,2013,0.9970536,1,train_2013_2018
Kanam,2013,0.99743265,1,train_2013_2018
Langtang South,2013,0.0032313925,0,train_2013_2018
Mangu,2013,0.003730921,0,train_2013_2018
Tafa,2013,0.002188791,0,train_2013_2018
Magama,2013,0.00323487,0,train_2013_2018
Agwara,2013,0.0029341204,0,train_2013_2018
Riyom,2013,0.0031636865,0,train_2013_2018
Rabah,2013,0.9967577,1,train_2013_2018
Ikwo,2013,0.99695957,1,train_2013_2018
Safana,2013,0.0038036394,0,train_2013_2018
Ajeromi/Ifelodun,2013,0.0035181085,0,train_2013_2018
Koko-Besse,2013,0.0039166873,0,train_2013_2018
Epe,2013,0.0029754837,0,train_2013_2018
Sumaila,2013,0.9972216,1,train_2013_2018
Ogori/Magongo,2013,0.0027641077,0,train_2013_2018
Amuwo Odofin,2013,0.0028696777,0,train_2013_2018
Tsanyawa,2013,0.0045845276,0,train_2013_2018
Ibeju Lekki,2013,0.0022568528,0,train_2013_2018
Ajaokuta,2013,0.003062076,0,train_2013_2018
Irepo,2013,0.00335287,0,train_2013_2018
Isoko North,2013,0.0026591162,0,train_2013_2018
Ezeagu,2013,0.9960824,1,train_2013_2018
Irele,2013,0.0041992995,0,train_2013_2018
Owo,2013,0.99657613,1,train_2013_2018
Dekina,2013,0.0035878124,0,train_2013_2018
Akoko North East,2013,0.0024131564,0,train_2013_2018
Oluyole,2013,0.00219955,0,train_2013_2018
Ogba/Egbema/Ndoni,2013,0.003149422,0,train_2013_2018
Ovia South-West,2013,0.0031454081,0,train_2013_2018
Ndokwa East,2013,0.003303862,0,train_2013_2018
Saki East,2013,0.9975204,1,train_2013_2018
Onicha,2013,0.99676216,1,train_2013_2018
Ethiope East,2013,0.0034569532,0,train_2013_2018
Obi,2013,0.003840015,0,train_2013_2018
Oyo East,2013,0.0027814421,0,train_2013_2018
Ivo,2013,0.9965282,1,train_2013_2018
Etsako East,2013,0.99685127,1,train_2013_2018
Oshimili South,2013,0.99442434,1,train_2013_2018
Izzi,2013,0.0036045602,0,train_2013_2018
Isoko South,2013,0.0033215657,0,train_2013_2018
Ezza South,2013,0.9966647,1,train_2013_2018
Ofu,2013,0.0035115401,0,train_2013_2018
Aniocha North,2013,0.9964658,1,train_2013_2018
Aniocha South,2013,0.003149491,0,train_2013_2018
Igalamela-Odolu,2013,0.0029869315,0,train_2013_2018
Ibiono Ibom,2013,0.0035384626,0,train_2013_2018
Obot Akara,2013,0.003316854,0,train_2013_2018
Ogo Oluwa,2013,0.002933788,0,train_2013_2018
Atiba,2013,0.0024301303,0,train_2013_2018
Ogbomosho South,2013,0.0027998483,0,train_2013_2018
Ovia North-East,2013,0.99631006,1,train_2013_2018
Afijio,2013,0.0034386464,0,train_2013_2018
Ogbomosho North,2013,0.002532873,0,train_2013_2018
Ikwerre,2013,0.00245344,0,train_2013_2018
Esit Eket,2013,0.99690455,1,train_2013_2018
Obio/Akpor,2013,0.99581414,1,train_2013_2018
Etche,2013,0.99726367,1,train_2013_2018
Askira Uba,2013,0.0043195826,0,train_2013_2018
Gwadabawa,2013,0.99746144,1,train_2013_2018
Hadejia,2013,0.9962167,1,train_2013_2018
Kiri Kasama,2013,0.9977563,1,train_2013_2018
Konduga,2013,0.996816,1,train_2013_2018
Jere,2013,0.0037037393,0,train_2013_2018
Eti Osa,2013,0.002532873,0,train_2013_2018
Kosofe,2013,0.0027135308,0,train_2013_2018
Ibadan North,2013,0.0027135308,0,train_2013_2018
Akinyele,2013,0.0024143036,0,train_2013_2018
Ido,2013,0.0024291098,0,train_2013_2018
Ibadan North West,2013,0.99606776,1,train_2013_2018
Ibadan South West,2013,0.0027135308,0,train_2013_2018
Ibadan South East,2013,0.9961222,1,train_2013_2018
Abeokuta South,2013,0.0025080387,0,train_2013_2018
Alimosho,2013,0.1208263,0,train_2013_2018
Ifako/Ijaye,2013,0.9961468,1,train_2013_2018
Ikorodu,2013,0.9961261,1,train_2013_2018
Ifo,2013,0.99559754,1,train_2013_2018
Ikeja,2013,0.0024521728,0,train_2013_2018
Ewekoro,2013,0.9963379,1,train_2013_2018
Ojo,2013,0.0027135308,0,train_2013_2018
Badagry,2013,0.99612707,1,train_2013_2018
Obafemi Owode,2013,0.0025702508,0,train_2013_2018
Ipokia,2013,0.002935129,0,train_2013_2018
Ohimini,2013,0.9964988,1,train_2013_2018
Ilorin West,2013,0.0027516258,0,train_2013_2018
Asa,2013,0.99640995,1,train_2013_2018
Eastern Obolo,2018,0.9972506,1,train_2013_2018
Ekeremor,2018,0.0036754413,0,train_2013_2018
Degema,2018,0.0027526557,0,train_2013_2018
Andoni,2018,0.0031666022,0,train_2013_2018
Akpabuyo,2018,0.0031588238,0,train_2013_2018
Oron,2018,0.99687356,1,train_2013_2018
Bakassi,2018,0.0028801728,0,train_2013_2018
Calabar South,2018,0.0021463893,0,train_2013_2018
Udung Uko,2018,0.9966575,1,train_2013_2018
Southern Ijaw,2018,0.0038405294,0,train_2013_2018
Iwajowa,2018,0.0032913224,0,train_2013_2018
Ibarapa North,2018,0.0033887315,0,train_2013_2018
Okrika,2018,0.003583403,0,train_2013_2018
Imeko Afon,2018,0.0030093547,0,train_2013_2018
Ibeno,2018,0.9961981,1,train_2013_2018
Nembe,2018,0.003251683,0,train_2013_2018
Ilaje,2018,0.9976307,1,train_2013_2018
Brass,2018,0.003347923,0,train_2013_2018
Warri North,2018,0.0033232586,0,train_2013_2018
Ese Odo,2018,0.0038036394,0,train_2013_2018
Jalingo,2018,0.9959591,1,train_2013_2018
Burutu,2018,0.99709666,1,train_2013_2018
Girei,2018,0.99689925,1,train_2013_2018
Yorro,2018,0.0027580722,0,train_2013_2018
Ardo-Kola,2018,0.002785679,0,train_2013_2018
Yola North,2018,0.0027998483,0,train_2013_2018
Yola South,2018,0.9967481,1,train_2013_2018
Mbo,2018,0.9969463,1,train_2013_2018
Lau,2018,0.99668306,1,train_2013_2018
Ibarapa Central,2018,0.003659483,0,train_2013_2018
Abeokuta North,2018,0.9955806,1,train_2013_2018
Bonny,2018,0.0029473323,0,train_2013_2018
Warri South-West,2018,0.9962237,1,train_2013_2018
Warri South,2018,0.0021384584,0,train_2013_2018
Akuku Toru,2018,0.0031725215,0,train_2013_2018
Isokan,2018,0.99597365,1,train_2013_2018
Irewole,2018,0.0024468552,0,train_2013_2018
Essien Udim,2018,0.0028204876,0,train_2013_2018
Onna,2018,0.0035181085,0,train_2013_2018
Udenu,2018,0.0027104446,0,train_2013_2018
Ogu Bolo,2018,0.003107686,0,train_2013_2018
Enugu South,2018,0.0026582882,0,train_2013_2018
Ikot Ekpene,2018,0.002782884,0,train_2013_2018
Nsit Ubium,2018,0.0028204876,0,train_2013_2018
Urue Offong/Oruko,2018,0.99700886,1,train_2013_2018
Abak,2018,0.9962167,1,train_2013_2018
Nkanu East,2018,0.0030576324,0,train_2013_2018
Igbo-Eze-South,2018,0.99708027,1,train_2013_2018
Nsukka,2018,0.99572337,1,train_2013_2018
Tai,2018,0.0028204876,0,train_2013_2018
Ife North,2018,0.0030247476,0,train_2013_2018
Ayedade,2018,0.0028564213,0,train_2013_2018
Ayedire,2018,0.0032934458,0,train_2013_2018
Ahoada East,2018,0.0029736015,0,train_2013_2018
Iseyin,2018,0.0027985082,0,train_2013_2018
Itesiwaju,2018,0.0033937388,0,train_2013_2018
Kajola,2018,0.0030685677,0,train_2013_2018
Nkanu West,2018,0.9962889,1,train_2013_2018
Afikpo North,2018,0.9965892,1,train_2013_2018
Donga,2018,0.0028244976,0,train_2013_2018
Oji-River,2018,0.9962697,1,train_2013_2018
Oyun,2018,0.0033580046,0,train_2013_2018
Ogbia,2018,0.0036905135,0,train_2013_2018
Asari-Toru,2018,0.9963343,1,train_2013_2018
Uyo,2018,0.0025488785,0,train_2013_2018
Ikono,2018,0.9969668,1,train_2013_2018
Baruten,2018,0.0029321664,0,train_2013_2018
Lagelu,2018,0.0028606427,0,train_2013_2018
Idah,2018,0.99659735,1,train_2013_2018
Machina,2018,0.9972057,1,train_2013_2018
Ibaji,2018,0.99649835,1,train_2013_2018
Municipal Area Council,2018,0.0021283014,0,train_2013_2018
Kaiama,2018,0.002805527,0,train_2013_2018
Bakura,2018,0.9973055,1,train_2013_2018
Nguru,2018,0.9968479,1,train_2013_2018
Gummi,2018,0.9967577,1,train_2013_2018
Ajingi,2018,0.0035293517,0,train_2013_2018
Port-Harcourt,2018,0.0027516258,0,train_2013_2018
Augie,2018,0.99758804,1,train_2013_2018
Kebbe,2018,0.997134,1,train_2013_2018
Surulere,2018,0.004165006,0,train_2013_2018
Ringim,2018,0.9975178,1,train_2013_2018
Emuoha,2018,0.99542195,1,train_2013_2018
Isi-Uzo,2018,0.997053,1,train_2013_2018
Yenegoa,2018,0.0022589765,0,train_2013_2018
Ilorin East,2018,0.0021693502,0,train_2013_2018
Alkaleri,2018,0.997134,1,train_2013_2018
Omumma,2018,0.99687237,1,train_2013_2018
Birnin Kudu,2018,0.9973688,1,train_2013_2018
Takum,2018,0.99616516,1,train_2013_2018
Esan South-East,2018,0.0038405294,0,train_2013_2018
Ifedayo,2018,0.0033765675,0,train_2013_2018
Ori Ire,2018,0.0031454081,0,train_2013_2018
Ifelodun,2018,0.9958501,1,train_2013_2018
Maradun,2018,0.9975738,1,train_2013_2018
Aninri,2018,0.99740654,1,train_2013_2018
Abakaliki,2018,0.9962691,1,train_2013_2018
Pategi,2018,0.0030064934,0,train_2013_2018
Biriniwa,2018,0.9976307,1,train_2013_2018
Ussa,2018,0.0032248439,0,train_2013_2018
Silame,2018,0.9972711,1,train_2013_2018
Takai,2018,0.0035664365,0,train_2013_2018
Bwari,2018,0.0020879155,0,train_2013_2018
Edu,2018,0.003767348,0,train_2013_2018
Jema'A,2018,0.9967049,1,train_2013_2018
Gumel,2018,0.9965056,1,train_2013_2018
Binji,2018,0.0033157507,0,train_2013_2018
Kware,2018,0.9972869,1,train_2013_2018
Bunza,2018,0.9969351,1,train_2013_2018
Mopa-Muro,2018,0.9958903,1,train_2013_2018
Sokoto North,2018,0.0028081695,0,train_2013_2018
Musawa,2018,0.997357,1,train_2013_2018
Ethiope West,2018,0.0021376987,0,train_2013_2018
Ishielu,2018,0.0030173024,0,train_2013_2018
Sakaba,2018,0.0032373448,0,train_2013_2018
Kudan,2018,0.9967085,1,train_2013_2018
Kachia,2018,0.9968094,1,train_2013_2018
Sabon Birni,2018,0.99725515,1,train_2013_2018
Uzo-Uwani,2018,0.99696416,1,train_2013_2018
Jaba,2018,0.99694294,1,train_2013_2018
Ibesikpo Asutan,2018,0.0026702082,0,train_2013_2018
Sokoto South,2018,0.0028081695,0,train_2013_2018
Yabo,2018,0.0032103427,0,train_2013_2018
Damboa,2018,0.9963051,1,train_2013_2018
Matazu,2018,0.99702495,1,train_2013_2018
Sandamu,2018,0.9973482,1,train_2013_2018
Mashi,2018,0.9976866,1,train_2013_2018
Dan Musa,2018,0.99646336,1,train_2013_2018
Kura,2018,0.99614453,1,train_2013_2018
Lere,2018,0.003262327,0,train_2013_2018
Zango,2018,0.0045297905,0,train_2013_2018
Wurno,2018,0.9970583,1,train_2013_2018
Gudu,2018,0.9968004,1,train_2013_2018
Gwiwa,2018,0.9976732,1,train_2013_2018
Birnin Kebbi,2018,0.9963008,1,train_2013_2018
Suru,2018,0.99706584,1,train_2013_2018
Numan,2018,0.0028339576,0,train_2013_2018
Biu,2018,0.0032913224,0,train_2013_2018
Kaduna South,2018,0.9961222,1,train_2013_2018
Dikwa,2018,0.0032913224,0,train_2013_2018
Zaria,2018,0.9959925,1,train_2013_2018
Kalgo,2018,0.9967514,1,train_2013_2018
Yankwashi,2018,0.9976119,1,train_2013_2018
Kaura,2018,0.0036032007,0,train_2013_2018
Lamurde,2018,0.99685174,1,train_2013_2018
Monguno,2018,0.0033052047,0,train_2013_2018
Enugu East,2018,0.00209977,0,train_2013_2018
Ngala,2018,0.0028257456,0,train_2013_2018
Gubio,2018,0.0028602092,0,train_2013_2018
Yagba East,2018,0.9972053,1,train_2013_2018
Chibok,2018,0.0033502786,0,train_2013_2018
Tureta,2018,0.9968971,1,train_2013_2018
Gashaka,2018,0.99681735,1,train_2013_2018
Bauchi,2018,0.0033308545,0,train_2013_2018
Hawul,2018,0.003840876,0,train_2013_2018
Uruan,2018,0.003266572,0,train_2013_2018
Mayo-Belwa,2018,0.99623704,1,train_2013_2018
Mubi South,2018,0.9969326,1,train_2013_2018
Etsako West,2018,0.9967899,1,train_2013_2018
Fune,2018,0.9971616,1,train_2013_2018
Mobbar,2018,0.0028602092,0,train_2013_2018
Potiskum,2018,0.0024478808,0,train_2013_2018
Gwoza,2018,0.0031803348,0,train_2013_2018
Guzamala,2018,0.003222872,0,train_2013_2018
Maiha,2018,0.9968736,1,train_2013_2018
Gulani,2018,0.9972057,1,train_2013_2018
Zing,2018,0.99674314,1,train_2013_2018
Orelope,2018,0.0034108332,0,train_2013_2018
Nsit Ibom,2018,0.0027814421,0,train_2013_2018
Fufore,2018,0.9968635,1,train_2013_2018
Mkpat Enin,2018,0.0035181085,0,train_2013_2018
Owan West,2018,0.0030190356,0,train_2013_2018
Kaga,2018,0.0028505994,0,train_2013_2018
Karim Lamido,2018,0.99621576,1,train_2013_2018
Kukawa,2018,0.0028984768,0,train_2013_2018
Gombi,2018,0.99680233,1,train_2013_2018
Guyuk,2018,0.9976586,1,train_2013_2018
Tudun Wada,2018,0.9975442,1,train_2013_2018
Saki West,2018,0.002814712,0,train_2013_2018
Toungo,2018,0.9966491,1,train_2013_2018
Abua/Odual,2018,0.0030947337,0,train_2013_2018
Bungudu,2018,0.9969656,1,train_2013_2018
Shani,2018,0.003860896,0,train_2013_2018
Shagari,2018,0.0033909818,0,train_2013_2018
Yunusari,2018,0.9968925,1,train_2013_2018
Ganye,2018,0.99676126,1,train_2013_2018
Jada,2018,0.0029020053,0,train_2013_2018
Bali,2018,0.99669266,1,train_2013_2018
Shelleng,2018,0.99758804,1,train_2013_2018
Okitipupa,2018,0.0022498276,0,train_2013_2018
Bayo,2018,0.9972711,1,train_2013_2018
Ikot Abasi,2018,0.9961637,1,train_2013_2018
Maiduguri,2018,0.0028081695,0,train_2013_2018
Gujba,2018,0.9968004,1,train_2013_2018
Esan North-East,2018,0.0021716107,0,train_2013_2018
Tafawa-Balewa,2018,0.99758804,1,train_2013_2018
Nangere,2018,0.99684733,1,train_2013_2018
Ika,2018,0.9968002,1,train_2013_2018
Dambam,2018,0.004510983,0,train_2013_2018
Ganjuwa,2018,0.9975503,1,train_2013_2018
Nganzai,2018,0.002887974,0,train_2013_2018
Ahoada West,2018,0.9970139,1,train_2013_2018
Song,2018,0.0031275337,0,train_2013_2018
Oshimili North,2018,0.0027223623,0,train_2013_2018
Gokana,2018,0.99693525,1,train_2013_2018
Bukkuyum,2018,0.99682033,1,train_2013_2018
Damaturu,2018,0.0028800194,0,train_2013_2018
Geidam,2018,0.9968004,1,train_2013_2018
Tarmuwa,2018,0.9968004,1,train_2013_2018
Madagali,2018,0.9972447,1,train_2013_2018
Michika,2018,0.9968497,1,train_2013_2018
Mubi North,2018,0.0030610904,0,train_2013_2018
Owan East,2018,0.9975,1,train_2013_2018
Hong,2018,0.0026340142,0,train_2013_2018
Nassarawa,2018,0.99620014,1,train_2013_2018
Sabuwa,2018,0.9971717,1,train_2013_2018
Ohaozara,2018,0.0030795818,0,train_2013_2018
Kaura Namoda,2018,0.9968364,1,train_2013_2018
Dutsi,2018,0.9974928,1,train_2013_2018
Kabo,2018,0.9971179,1,train_2013_2018
Dandume,2018,0.997171,1,train_2013_2018
Dawakin Tofa,2018,0.003913987,0,train_2013_2018
Gezawa,2018,0.0027915,0,train_2013_2018
Bodinga,2018,0.9958462,1,train_2013_2018
Zurmi,2018,0.9972216,1,train_2013_2018
Warawa,2018,0.99725807,1,train_2013_2018
Tangaza,2018,0.99725515,1,train_2013_2018
Maigatari,2018,0.9976077,1,train_2013_2018
Danja,2018,0.99732924,1,train_2013_2018
Fagge,2018,0.9962268,1,train_2013_2018
Jibia,2018,0.9975139,1,train_2013_2018
Eleme,2018,0.0027516258,0,train_2013_2018
Bebeji,2018,0.99637526,1,train_2013_2018
Rano,2018,0.9970571,1,train_2013_2018
Tarauni,2018,0.0027516258,0,train_2013_2018
Etinan,2018,0.99620014,1,train_2013_2018
Yewa South,2018,0.0038362266,0,train_2013_2018
Argungu,2018,0.9972934,1,train_2013_2018
Kiru,2018,0.99745613,1,train_2013_2018
Batagarawa,2018,0.99654835,1,train_2013_2018
Bomadi,2018,0.003482001,0,train_2013_2018
Kwaya Kusar,2018,0.0031144074,0,train_2013_2018
Igbo-Etiti,2018,0.00225507,0,train_2013_2018
Doguwa,2018,0.9972216,1,train_2013_2018
Bade,2018,0.9973055,1,train_2013_2018
Itu,2018,0.99598783,1,train_2013_2018
Bama,2018,0.0032111974,0,train_2013_2018
Gada,2018,0.99746144,1,train_2013_2018
Gusau,2018,0.99635506,1,train_2013_2018
Lagos Mainland,2018,0.0027135308,0,train_2013_2018
Kaita,2018,0.99746144,1,train_2013_2018
Minjibir,2018,0.99727374,1,train_2013_2018
Ini,2018,0.0040487694,0,train_2013_2018
Talata Mafara,2018,0.9967039,1,train_2013_2018
Gwandu,2018,0.9968982,1,train_2013_2018
Birnin Magaji-Kiyaw,2018,0.9972216,1,train_2013_2018
Shanono,2018,0.9973356,1,train_2013_2018
Rogo,2018,0.9970571,1,train_2013_2018
Batsari,2018,0.9972029,1,train_2013_2018
Eket,2018,0.9962268,1,train_2013_2018
Okobo,2018,0.0034714031,0,train_2013_2018
Kano Municipal,2018,0.0028081695,0,train_2013_2018
Bursari,2018,0.9968004,1,train_2013_2018
Maiyama,2018,0.99673647,1,train_2013_2018
Lagos Island,2018,0.0027135308,0,train_2013_2018
Madobi,2018,0.0039613084,0,train_2013_2018
Miga,2018,0.9977563,1,train_2013_2018
Rimi,2018,0.99723214,1,train_2013_2018
Gabasawa,2018,0.004287127,0,train_2013_2018
Aleiro,2018,0.99677855,1,train_2013_2018
Ungogo,2018,0.99700886,1,train_2013_2018
Tambuwal,2018,0.9972504,1,train_2013_2018
Jega,2018,0.99680376,1,train_2013_2018
Katsina,2018,0.002725435,0,train_2013_2018
Dawakin Kudu,2018,0.99609756,1,train_2013_2018
Arewa Dandi,2018,0.99753016,1,train_2013_2018
Etim Ekpo,2018,0.99620014,1,train_2013_2018
Albasu,2018,0.9975896,1,train_2013_2018
Marte,2018,0.0031803348,0,train_2013_2018
Kumbotso,2018,0.9961222,1,train_2013_2018
Kazaure,2018,0.99741626,1,train_2013_2018
Malumfashi,2018,0.99708694,1,train_2013_2018
Udi,2018,0.9956702,1,train_2013_2018
Dutse,2018,0.99697304,1,train_2013_2018
Gwaram,2018,0.99743634,1,train_2013_2018
Zangon Kataf,2018,0.9975442,1,train_2013_2018
Kiyawa,2018,0.9975083,1,train_2013_2018
Zaki,2018,0.9976635,1,train_2013_2018
Opobo/Nkoro,2018,0.00318953,0,train_2013_2018
Shira,2018,0.9977563,1,train_2013_2018
Dass,2018,0.0038783357,0,train_2013_2018
Enugu North,2018,0.0024274106,0,train_2013_2018
Buji,2018,0.99743074,1,train_2013_2018
Ukanafun,2018,0.997148,1,train_2013_2018
Agaie,2018,0.9962081,1,train_2013_2018
Bagwai,2018,0.9973036,1,train_2013_2018
Kajuru,2018,0.0039374563,0,train_2013_2018
Katcha,2018,0.99625313,1,train_2013_2018
Kafur,2018,0.0046537537,0,train_2013_2018
Wasagu-Danko,2018,0.99754447,1,train_2013_2018
Bida,2018,0.0029364508,0,train_2013_2018
Kirfi,2018,0.9973122,1,train_2013_2018
Dandi,2018,0.9973122,1,train_2013_2018
Bagudu,2018,0.997134,1,train_2013_2018
Kankara,2018,0.9974158,1,train_2013_2018
Itas/Gadau,2018,0.9975682,1,train_2013_2018
Apapa,2018,0.9961222,1,train_2013_2018
Ondo East,2018,0.9962888,1,train_2013_2018
Warji,2018,0.0040766047,0,train_2013_2018
Katagum,2018,0.99681646,1,train_2013_2018
Mani,2018,0.004255294,0,train_2013_2018
Sanga,2018,0.99627113,1,train_2013_2018
Bogoro,2018,0.9972977,1,train_2013_2018
Fika,2018,0.0037254728,0,train_2013_2018
Kuje,2018,0.003481867,0,train_2013_2018
Sule Tankarkar,2018,0.9976307,1,train_2013_2018
Ibadan North East,2018,0.9961468,1,train_2013_2018
Bindawa,2018,0.9969042,1,train_2013_2018
Ilorin South,2018,0.0022839112,0,train_2013_2018
Gamawa,2018,0.004344267,0,train_2013_2018
Kafin Hausa,2018,0.9976307,1,train_2013_2018
Ado Odo/Ota,2018,0.0024999564,0,train_2013_2018
Garko,2018,0.9974564,1,train_2013_2018
Kubau,2018,0.9973055,1,train_2013_2018
Wukari,2018,0.0029755135,0,train_2013_2018
Gwarzo,2018,0.9973635,1,train_2013_2018
Oyigbo,2018,0.0027919873,0,train_2013_2018
Ughelli South,2018,0.0038514761,0,train_2013_2018
Fakai,2018,0.9970599,1,train_2013_2018
Kaugama,2018,0.9973471,1,train_2013_2018
Esan Central,2018,0.0031119303,0,train_2013_2018
Goronyo,2018,0.99725515,1,train_2013_2018
Ibarapa East,2018,0.0033387186,0,train_2013_2018
Ikpoba-Okha,2018,0.0019449661,0,train_2013_2018
Awgu,2018,0.0026702082,0,train_2013_2018
Olorunsogo,2018,0.0029457535,0,train_2013_2018
Kabba/Bunu,2018,0.0028321915,0,train_2013_2018
Ningi,2018,0.9975503,1,train_2013_2018
Kurmi,2018,0.0027806181,0,train_2013_2018
Bakori,2018,0.9964743,1,train_2013_2018
Nsit Atai,2018,0.9969668,1,train_2013_2018
Kankia,2018,0.9975805,1,train_2013_2018
Gagarawa,2018,0.9977563,1,train_2013_2018
Giade,2018,0.0042028385,0,train_2013_2018
Iguegben,2018,0.996781,1,train_2013_2018
Akure North,2018,0.99663335,1,train_2013_2018
Khana,2018,0.003006439,0,train_2013_2018
Oruk Anam,2018,0.0031942772,0,train_2013_2018
Misau,2018,0.0040487694,0,train_2013_2018
Kolokuma/Opokuma,2018,0.003117377,0,train_2013_2018
Karaye,2018,0.99690324,1,train_2013_2018
Sagbama,2018,0.00450249,0,train_2013_2018
Garki,2018,0.9973194,1,train_2013_2018
Mai'Adua,2018,0.9972524,1,train_2013_2018
Ezza North,2018,0.99746263,1,train_2013_2018
Ibi,2018,0.99627197,1,train_2013_2018
Omala,2018,0.9965532,1,train_2013_2018
Ile Oluji/Okeigbo,2018,0.0028327708,0,train_2013_2018
Baure,2018,0.99769706,1,train_2013_2018
Dutsin Ma,2018,0.9973303,1,train_2013_2018
Uhunmwonde,2018,0.002433993,0,train_2013_2018
Taura,2018,0.996985,1,train_2013_2018
Ughelli North,2018,0.002097081,0,train_2013_2018
Orhionmwon,2018,0.003192802,0,train_2013_2018
Soba,2018,0.9974004,1,train_2013_2018
Karasuwa,2018,0.9973122,1,train_2013_2018
Ondo West,2018,0.0021945147,0,train_2013_2018
Ika South,2018,0.0025940114,0,train_2013_2018
Oye,2018,0.997357,1,train_2013_2018
Bichi,2018,0.9976452,1,train_2013_2018
Kwali,2018,0.99683243,1,train_2013_2018
Oyo West,2018,0.0019218351,0,train_2013_2018
Kusada,2018,0.99748355,1,train_2013_2018
Roni,2018,0.99754936,1,train_2013_2018
Toro,2018,0.99669856,1,train_2013_2018
Akure South,2018,0.9960849,1,train_2013_2018
Igabi,2018,0.9960706,1,train_2013_2018
Okene,2018,0.9961637,1,train_2013_2018
Onitsha South,2018,0.0027106637,0,train_2013_2018
Agatu,2018,0.0035878124,0,train_2013_2018
Dala,2018,0.0035181085,0,train_2013_2018
Anka,2018,0.99717855,1,train_2013_2018
Tofa,2018,0.9969168,1,train_2013_2018
Ingawa,2018,0.9976866,1,train_2013_2018
Uvwie,2018,0.12420191,0,train_2013_2018
Idanre,2018,0.0025710172,0,train_2013_2018
Okpe,2018,0.0025949455,0,train_2013_2018
Anambra West,2018,0.99674064,1,train_2013_2018
Mushin,2018,0.99620014,1,train_2013_2018
Shagamu,2018,0.0022917632,0,train_2013_2018
Biase,2018,0.9976266,1,train_2013_2018
Gaya,2018,0.9970798,1,train_2013_2018
Charanchi,2018,0.99688333,1,train_2013_2018
Etsako Central,2018,0.99716336,1,train_2013_2018
Darazo,2018,0.003193752,0,train_2013_2018
Ijumu,2018,0.0028716566,0,train_2013_2018
Irepodun,2018,0.0028611284,0,train_2013_2018
Egbeda,2018,0.9960849,1,train_2013_2018
Akoko South East,2018,0.0025765062,0,train_2013_2018
Faskari,2018,0.9971601,1,train_2013_2018
Makarfi,2018,0.99679273,1,train_2013_2018
Udu,2018,0.0028429679,0,train_2013_2018
Bunkure,2018,0.9973036,1,train_2013_2018
Funtua,2018,0.0027814421,0,train_2013_2018
Dambatta,2018,0.9976732,1,train_2013_2018
Jakusko,2018,0.16332823,0,train_2013_2018
Gwale,2018,0.0028081695,0,train_2013_2018
Babura,2018,0.99746144,1,train_2013_2018
Sapele,2018,0.0021128794,0,train_2013_2018
Ika North East,2018,0.0021376987,0,train_2013_2018
Surulere,2018,0.0027135308,0,train_2013_2018
Garun Malam,2018,0.9961637,1,train_2013_2018
Offa,2018,0.0026752697,0,train_2013_2018
Shomolu,2018,0.002717441,0,train_2013_2018
Makoda,2018,0.9972355,1,train_2013_2018
Rimin Gado,2018,0.99741626,1,train_2013_2018
Yusufari,2018,0.0033677006,0,train_2013_2018
Bassa,2018,0.99636686,1,train_2013_2018
Jahun,2018,0.9977563,1,train_2013_2018
Kurfi,2018,0.9969573,1,train_2013_2018
Esan West,2018,0.002410894,0,train_2013_2018
Kaduna North,2018,0.0027135308,0,train_2013_2018
Daura,2018,0.0028204876,0,train_2013_2018
Gassol,2018,0.99680233,1,train_2013_2018
Auyo,2018,0.99733305,1,train_2013_2018
Wudil,2018,0.9970446,1,train_2013_2018
Ikara,2018,0.9973901,1,train_2013_2018
Ifedore,2018,0.0022839112,0,train_2013_2018
Lavun,2018,0.9967379,1,train_2013_2018
Dange Shuni,2018,0.9966235,1,train_2013_2018
Yewa North,2018,0.0036824432,0,train_2013_2018
Tsafe,2018,0.9976307,1,train_2013_2018
Ekiti,2018,0.9969374,1,train_2013_2018
Zuru,2018,0.9972132,1,train_2013_2018
Yagba West,2018,0.003251683,0,train_2013_2018
Kogi,2018,0.99624133,1,train_2013_2018
Olamaboro,2018,0.0035380255,0,train_2013_2018
Odigbo,2018,0.9966798,1,train_2013_2018
Agege,2018,0.0027516258,0,train_2013_2018
Kibiya,2018,0.99690324,1,train_2013_2018
Isin,2018,0.003046876,0,train_2013_2018
Sabon Gari,2018,0.0027636965,0,train_2013_2018
Malam Madori,2018,0.99692935,1,train_2013_2018
Lokoja,2018,0.9959121,1,train_2013_2018
Ede South,2018,0.0024720104,0,train_2013_2018
Giwa,2018,0.9972729,1,train_2013_2018
Ikole,2018,0.9975204,1,train_2013_2018
Kunchi,2018,0.99754936,1,train_2013_2018
Guri,2018,0.9975204,1,train_2013_2018
Maru,2018,0.99717194,1,train_2013_2018
Dukku,2018,0.99753016,1,train_2013_2018
Wamakko,2018,0.0025624365,0,train_2013_2018
Oke Ero,2018,0.0031977834,0,train_2013_2018
Oshodi/Isolo,2018,0.9962268,1,train_2013_2018
Abadam,2018,0.0028984768,0,train_2013_2018
Moba,2018,0.99684465,1,train_2013_2018
Gwagwalada,2018,0.0021863575,0,train_2013_2018
Kagarko,2018,0.9969854,1,train_2013_2018
Abaji,2018,0.0032812064,0,train_2013_2018
Sardauna,2018,0.003095886,0,train_2013_2018
Shanga,2018,0.9967886,1,train_2013_2018
Birnin Gwari,2018,0.9968004,1,train_2013_2018
Ngaski,2018,0.996436,1,train_2013_2018
Chikun,2018,0.99607265,1,train_2013_2018
Yauri,2018,0.9960349,1,train_2013_2018
Kauru,2018,0.99750984,1,train_2013_2018
Demsa,2018,0.002987437,0,train_2013_2018
Umuahia South,2018,0.99618894,1,train_2013_2018
Obokun,2018,0.0033744308,0,train_2013_2018
Owerri West,2018,0.9962697,1,train_2013_2018
Nasarawa,2018,0.9963439,1,train_2013_2018
Idemili South,2018,0.0028372798,0,train_2013_2018
Aba North,2018,0.0024274106,0,train_2013_2018
Odeda,2018,0.0028827747,0,train_2013_2018
Ijebu East,2018,0.0023611283,0,train_2013_2018
Okpokwu,2018,0.9971,1,train_2013_2018
Shomgom,2018,0.99723023,1,train_2013_2018
Ado-Ekiti,2018,0.99560815,1,train_2013_2018
Ahiazu-Mbaise,2018,0.0035181085,0,train_2013_2018
Ankpa,2018,0.9972711,1,train_2013_2018
Nkwerre,2018,0.0028381352,0,train_2013_2018
Apa,2018,0.9967367,1,train_2013_2018
Kwande,2018,0.0032977483,0,train_2013_2018
Ikom,2018,0.9960353,1,train_2013_2018
Ido-Osi,2018,0.9968002,1,train_2013_2018
Ukwa East,2018,0.0029730063,0,train_2013_2018
Ukwa West,2018,0.0028606427,0,train_2013_2018
Nnewi South,2018,0.0032215868,0,train_2013_2018
Bende,2018,0.0030916387,0,train_2013_2018
Okigwe,2018,0.9963074,1,train_2013_2018
Jama'Are,2018,0.00366021,0,train_2013_2018
Kokona,2018,0.99625313,1,train_2013_2018
Mafa,2018,0.0033353388,0,train_2013_2018
Akko,2018,0.0031325598,0,train_2013_2018
Ushongo,2018,0.0035878124,0,train_2013_2018
Ehime-Mbano,2018,0.996924,1,train_2013_2018
Ideato South,2018,0.0038596913,0,train_2013_2018
Ife South,2018,0.0028258504,0,train_2013_2018
Oyi,2018,0.99623907,1,train_2013_2018
Ekiti South-West,2018,0.99700886,1,train_2013_2018
Ayamelum,2018,0.9969177,1,train_2013_2018
Aboh-Mbaise,2018,0.0027641077,0,train_2013_2018
Ilejemeje,2018,0.9968548,1,train_2013_2018
Mbatoli,2018,0.9962889,1,train_2013_2018
Akamkpa,2018,0.99717194,1,train_2013_2018
Obi Nwga,2018,0.0026404571,0,train_2013_2018
Logo,2018,0.0036806257,0,train_2013_2018
Guma,2018,0.002919823,0,train_2013_2018
Ogoja,2018,0.0028891414,0,train_2013_2018
Ohafia,2018,0.0029077386,0,train_2013_2018
Orumba North,2018,0.003332897,0,train_2013_2018
Ado,2018,0.00450249,0,train_2013_2018
Toto,2018,0.99641377,1,train_2013_2018
Egbedore,2018,0.0027429054,0,train_2013_2018
Owerri North,2018,0.0025415788,0,train_2013_2018
Idemili North,2018,0.0029138695,0,train_2013_2018
Isiala-Ngwa South,2018,0.9960116,1,train_2013_2018
Funakaye,2018,0.9973055,1,train_2013_2018
Katsina-Ala,2018,0.9966355,1,train_2013_2018
Mokwa,2018,0.9967198,1,train_2013_2018
Aba South,2018,0.0028081695,0,train_2013_2018
Edati,2018,0.99708325,1,train_2013_2018
Odogbolu,2018,0.0023641156,0,train_2013_2018
Balanga,2018,0.99762136,1,train_2013_2018
Ijebu North East,2018,0.0028429679,0,train_2013_2018
Oturkpo,2018,0.996601,1,train_2013_2018
Abi,2018,0.0031768659,0,train_2013_2018
Ideato North,2018,0.0031490687,0,train_2013_2018
Oriade,2018,0.0029364508,0,train_2013_2018
Illela,2018,0.9973194,1,train_2013_2018
Nwangele,2018,0.9969668,1,train_2013_2018
Ife East,2018,0.0028616209,0,train_2013_2018
Obanliku,2018,0.0031987866,0,train_2013_2018
Onuimo,2018,0.9972355,1,train_2013_2018
Qua'An Pan,2018,0.00303705,0,train_2013_2018
Ngor-Okpala,2018,0.996527,1,train_2013_2018
Ona Ara,2018,0.9970251,1,train_2013_2018
Igbo-Eze North,2018,0.0035181085,0,train_2013_2018
Oju,2018,0.0035878124,0,train_2013_2018
Boluwaduro,2018,0.0031060851,0,train_2013_2018
Shinkafi,2018,0.003910217,0,train_2013_2018
Orsu,2018,0.0031768659,0,train_2013_2018
Anaocha,2018,0.0027814421,0,train_2013_2018
Bekwarra,2018,0.0028601151,0,train_2013_2018
Umu-Nneochi,2018,0.0024340022,0,train_2013_2018
Ose,2018,0.0043025613,0,train_2013_2018
Nnewi North,2018,0.0026752697,0,train_2013_2018
Akoko North West,2018,0.13863052,0,train_2013_2018
Ilesha East,2018,0.0028404358,0,train_2013_2018
Njikoka,2018,0.99628156,1,train_2013_2018
Ohaji/Egbema,2018,0.9969194,1,train_2013_2018
Gombe,2018,0.002769294,0,train_2013_2018
Owerri Municipal,2018,0.99560505,1,train_2013_2018
Keana,2018,0.9972677,1,train_2013_2018
Ohaukwu,2018,0.0032521728,0,train_2013_2018
Gbonyin,2018,0.0034622187,0,train_2013_2018
Isiala Mbano,2018,0.99727374,1,train_2013_2018
Irepodun/Ifelodun,2018,0.99654835,1,train_2013_2018
Obowo,2018,0.0027220233,0,train_2013_2018
Isuikwuato,2018,0.0030553,0,train_2013_2018
Makurdi,2018,0.0019707961,0,train_2013_2018
Gboko,2018,0.0034509231,0,train_2013_2018
Ife Central,2018,0.99624664,1,train_2013_2018
Isiala-Ngwa North,2018,0.99616563,1,train_2013_2018
Yakurr,2018,0.0033015793,0,train_2013_2018
Billiri,2018,0.0037010198,0,train_2013_2018
Dunukofia,2018,0.0026832982,0,train_2013_2018
Osisioma Ngwa,2018,0.99615115,1,train_2013_2018
Ola Oluwa,2018,0.0030416762,0,train_2013_2018
Wamba,2018,0.0032248439,0,train_2013_2018
Boripe,2018,0.0036378424,0,train_2013_2018
Yala,2018,0.0036312048,0,train_2013_2018
Aguata,2018,0.003351226,0,train_2013_2018
Calabar Municipal,2018,0.9957183,1,train_2013_2018
Onitsha North,2018,0.0024274106,0,train_2013_2018
Ukum,2018,0.0035975627,0,train_2013_2018
Isa,2018,0.99725515,1,train_2013_2018
Ogun Waterside,2018,0.003026258,0,train_2013_2018
Ifelodun,2018,0.9953904,1,train_2013_2018
Arochukwu,2018,0.99597365,1,train_2013_2018
Ijebu Ode,2018,0.002388644,0,train_2013_2018
Magumeri,2018,0.0028984768,0,train_2013_2018
Boki,2018,0.00303705,0,train_2013_2018
Kwami,2018,0.99710804,1,train_2013_2018
Ekiti East,2018,0.9957082,1,train_2013_2018
Moro,2018,0.0023372832,0,train_2013_2018
Ezinihitte,2018,0.99727374,1,train_2013_2018
Kala Balge,2018,0.0029996561,0,train_2013_2018
Awe,2018,0.99629503,1,train_2013_2018
Orolu,2018,0.0028138382,0,train_2013_2018
Obubra,2018,0.9960211,1,train_2013_2018
Akoko-Edo,2018,0.0040552276,0,train_2013_2018
Osogbo,2018,0.99560505,1,train_2013_2018
Ise/Orun,2018,0.997054,1,train_2013_2018
Njaba,2018,0.9972355,1,train_2013_2018
Obi,2018,0.0035186803,0,train_2013_2018
Buruku,2018,0.0029220255,0,train_2013_2018
Obudu,2018,0.0029111067,0,train_2013_2018
Orlu,2018,0.9960116,1,train_2013_2018
Iwo,2018,0.0028429679,0,train_2013_2018
Awka North,2018,0.0023451217,0,train_2013_2018
Tarka,2018,0.003011556,0,train_2013_2018
Umuahia North,2018,0.0026404571,0,train_2013_2018
Odo Otin,2018,0.0030710835,0,train_2013_2018
Ihiala,2018,0.0025656803,0,train_2013_2018
Ilesha West,2018,0.0026832982,0,train_2013_2018
Kaltungo,2018,0.9967514,1,train_2013_2018
Irepodun,2018,0.0035676144,0,train_2013_2018
Ebonyi,2018,0.0028229041,0,train_2013_2018
Lafia,2018,0.9962909,1,train_2013_2018
Ijebu North,2018,0.0023803592,0,train_2013_2018
Ndokwa West,2018,0.0033066329,0,train_2013_2018
Ikeduru,2018,0.9967578,1,train_2013_2018
Okehi,2018,0.9952792,1,train_2013_2018
Yamaltu/Deba,2018,0.99769706,1,train_2013_2018
Emure,2018,0.0045302445,0,train_2013_2018
Ikere,2018,0.9952317,1,train_2013_2018
Oguta,2018,0.0031553619,0,train_2013_2018
Konshisha,2018,0.99704295,1,train_2013_2018
Ejigbo,2018,0.0028983513,0,train_2013_2018
Gwer West,2018,0.0038571716,0,train_2013_2018
Etung,2018,0.0028801728,0,train_2013_2018
Ekwusigo,2018,0.99618894,1,train_2013_2018
Ijero,2018,0.003148337,0,train_2013_2018
Ugwunagbo,2018,0.0026752697,0,train_2013_2018
Olorunda,2018,0.0028616209,0,train_2013_2018
Nasarawa Egon,2018,0.0029718603,0,train_2013_2018
Ede North,2018,0.0026404571,0,train_2013_2018
Afikpo South,2018,0.0036394726,0,train_2013_2018
Oru West,2018,0.0026752697,0,train_2013_2018
Anambra East,2018,0.0024327557,0,train_2013_2018
Vandeikya,2018,0.0038867965,0,train_2013_2018
Atakunmosa West,2018,0.0028956214,0,train_2013_2018
Ogbaru,2018,0.0023451217,0,train_2013_2018
Ikwuano,2018,0.9968599,1,train_2013_2018
Keffi,2018,0.0027708772,0,train_2013_2018
Adavi,2018,0.0020866385,0,train_2013_2018
Oru East,2018,0.9962813,1,train_2013_2018
Remo North,2018,0.002598988,0,train_2013_2018
Karu,2018,0.9958587,1,train_2013_2018
Ikenne,2018,0.0025081784,0,train_2013_2018
Ila,2018,0.99645114,1,train_2013_2018
Doma,2018,0.123527296,0,train_2013_2018
Nafada,2018,0.9972216,1,train_2013_2018
Gwer East,2018,0.0029718603,0,train_2013_2018
Efon,2018,0.0030779587,0,train_2013_2018
Ihitte/Uboma,2018,0.99700886,1,train_2013_2018
Ekiti West,2018,0.9966215,1,train_2013_2018
Atisbo,2018,0.0032803267,0,train_2013_2018
Isu,2018,0.9972355,1,train_2013_2018
Ogbadibo,2018,0.0028212655,0,train_2013_2018
Atakunmosa East,2018,0.0034655076,0,train_2013_2018
Akwanga,2018,0.0029424154,0,train_2013_2018
Rafi,2018,0.99598134,1,train_2013_2018
Odukpani,2018,0.0030055589,0,train_2013_2018
Gbako,2018,0.0032071797,0,train_2013_2018
Ukwuani,2018,0.0030691586,0,train_2013_2018
Awka South,2018,0.0024274106,0,train_2013_2018
Gurara,2018,0.9963379,1,train_2013_2018
Kontagora,2018,0.0031884448,0,train_2013_2018
Mashegu,2018,0.9962992,1,train_2013_2018
Wushishi,2018,0.9960211,1,train_2013_2018
Shiroro,2018,0.9963631,1,train_2013_2018
Borgu,2018,0.0031089613,0,train_2013_2018
Lapai,2018,0.9961695,1,train_2013_2018
Akoko South West,2018,0.0021496795,0,train_2013_2018
Rijau,2018,0.99746823,1,train_2013_2018
Chanchaga,2018,0.99618894,1,train_2013_2018
Mariga,2018,0.0029814,0,train_2013_2018
Munya,2018,0.9964066,1,train_2013_2018
Bosso,2018,0.0026912251,0,train_2013_2018
Suleja,2018,0.002725435,0,train_2013_2018
Paikoro,2018,0.0029424154,0,train_2013_2018
Kanke,2018,0.9967367,1,train_2013_2018
Jos North,2018,0.9962268,1,train_2013_2018
Jos East,2018,0.9965469,1,train_2013_2018
Oredo,2018,0.0020387627,0,train_2013_2018
Patani,2018,0.0024850103,0,train_2013_2018
Shendam,2018,0.9968894,1,train_2013_2018
Egor,2018,0.0027135308,0,train_2013_2018
Langtang North,2018,0.9966259,1,train_2013_2018
Jos South,2018,0.0025257599,0,train_2013_2018
Mikang,2018,0.0035052453,0,train_2013_2018
Barkin Ladi,2018,0.99669087,1,train_2013_2018
Pankshin,2018,0.0033035432,0,train_2013_2018
Bokkos,2018,0.003337938,0,train_2013_2018
Wase,2018,0.996375,1,train_2013_2018
Bassa,2018,0.0033530071,0,train_2013_2018
Orumba South,2018,0.0036217545,0,train_2013_2018
Kanam,2018,0.99743265,1,train_2013_2018
Langtang South,2018,0.99669755,1,train_2013_2018
Mangu,2018,0.99713993,1,train_2013_2018
Tafa,2018,0.002188791,0,train_2013_2018
Magama,2018,0.99670106,1,train_2013_2018
Agwara,2018,0.9963631,1,train_2013_2018
Riyom,2018,0.996627,1,train_2013_2018
Rabah,2018,0.9967577,1,train_2013_2018
Ikwo,2018,0.0035097953,0,train_2013_2018
Safana,2018,0.99719465,1,train_2013_2018
Ajeromi/Ifelodun,2018,0.0035181085,0,train_2013_2018
Koko-Besse,2018,0.99727565,1,train_2013_2018
Epe,2018,0.0029754837,0,train_2013_2018
Sumaila,2018,0.9972216,1,train_2013_2018
Ogori/Magongo,2018,0.9961396,1,train_2013_2018
Amuwo Odofin,2018,0.99628156,1,train_2013_2018
Tsanyawa,2018,0.9976732,1,train_2013_2018
Ibeju Lekki,2018,0.0022568528,0,train_2013_2018
Ajaokuta,2018,0.99651504,1,train_2013_2018
Irepo,2018,0.00335287,0,train_2013_2018
Isoko North,2018,0.0026591162,0,train_2013_2018
Ezeagu,2018,0.0027237297,0,train_2013_2018
Irele,2018,0.0041992995,0,train_2013_2018
Owo,2018,0.0031167443,0,train_2013_2018
Dekina,2018,0.0035878124,0,train_2013_2018
Akoko North East,2018,0.0024131564,0,train_2013_2018
Oluyole,2018,0.00219955,0,train_2013_2018
Ogba/Egbema/Ndoni,2018,0.99661165,1,train_2013_2018
Ovia South-West,2018,0.0031454081,0,train_2013_2018
Ndokwa East,2018,0.003303862,0,train_2013_2018
Saki East,2018,0.9975204,1,train_2013_2018
Onicha,2018,0.003295835,0,train_2013_2018
Ethiope East,2018,0.0034569532,0,train_2013_2018
Obi,2018,0.003840015,0,train_2013_2018
Oyo East,2018,0.0027814421,0,train_2013_2018
Ivo,2018,0.0030737373,0,train_2013_2018
Etsako East,2018,0.99685127,1,train_2013_2018
Oshimili South,2018,0.0019121089,0,train_2013_2018
Izzi,2018,0.0036045602,0,train_2013_2018
Isoko South,2018,0.0033215657,0,train_2013_2018
Ezza South,2018,0.0031996032,0,train_2013_2018
Ofu,2018,0.99696106,1,train_2013_2018
Aniocha North,2018,0.0030194735,0,train_2013_2018
Aniocha South,2018,0.003149491,0,train_2013_2018
Igalamela-Odolu,2018,0.99642736,1,train_2013_2018
Ibiono Ibom,2018,0.0035384626,0,train_2013_2018
Obot Akara,2018,0.003316854,0,train_2013_2018
Ogo Oluwa,2018,0.002933788,0,train_2013_2018
Atiba,2018,0.0024301303,0,train_2013_2018
Ogbomosho South,2018,0.0027998483,0,train_2013_2018
Ovia North-East,2018,0.002891864,0,train_2013_2018
Afijio,2018,0.9968966,1,train_2013_2018
Ogbomosho North,2018,0.002532873,0,train_2013_2018
Ikwerre,2018,0.00245344,0,train_2013_2018
Esit Eket,2018,0.99690455,1,train_2013_2018
Obio/Akpor,2018,0.0025488785,0,train_2013_2018
Etche,2018,0.003899452,0,train_2013_2018
Askira Uba,2018,0.99753016,1,train_2013_2018
Gwadabawa,2018,0.99746144,1,train_2013_2018
Hadejia,2018,0.0028204876,0,train_2013_2018
Kiri Kasama,2018,0.9977563,1,train_2013_2018
Konduga,2018,0.996816,1,train_2013_2018
Jere,2018,0.99711895,1,train_2013_2018
Eti Osa,2018,0.002532873,0,train_2013_2018
Kosofe,2018,0.0027135308,0,train_2013_2018
Ibadan North,2018,0.0027135308,0,train_2013_2018
Akinyele,2018,0.0024143036,0,train_2013_2018
Ido,2018,0.0024291098,0,train_2013_2018
Ibadan North West,2018,0.0027135308,0,train_2013_2018
Ibadan South West,2018,0.0027135308,0,train_2013_2018
Ibadan South East,2018,0.0027516258,0,train_2013_2018
Abeokuta South,2018,0.0025080387,0,train_2013_2018
Alimosho,2018,0.0027135308,0,train_2013_2018
Ifako/Ijaye,2018,0.002769294,0,train_2013_2018
Ikorodu,2018,0.9961261,1,train_2013_2018
Ifo,2018,0.0024232261,0,train_2013_2018
Ikeja,2018,0.0024521728,0,train_2013_2018
Ewekoro,2018,0.0029138806,0,train_2013_2018
Ojo,2018,0.99606776,1,train_2013_2018
Badagry,2018,0.99612707,1,train_2013_2018
Obafemi Owode,2018,0.0025702508,0,train_2013_2018
Ipokia,2018,0.002935129,0,train_2013_2018
Ohimini,2018,0.0030478928,0,train_2013_2018
Ilorin West,2018,0.9961222,1,train_2013_2018
Asa,2018,0.99640995,1,train_2013_2018
Eastern Obolo,2024,0.0038809667,0,holdout_2024
Ekeremor,2024,0.15706368,0,holdout_2024
Degema,2024,0.9961236,1,holdout_2024
Andoni,2024,0.99663,1,holdout_2024
Akpabuyo,2024,0.0031588238,0,holdout_2024
Oron,2024,0.99687356,1,holdout_2024
Bakassi,2024,0.0028801728,0,holdout_2024
Calabar South,2024,0.0021463893,0,holdout_2024
Udung Uko,2024,0.003192656,0,holdout_2024
Southern Ijaw,2024,0.9972216,1,holdout_2024
Iwajowa,2024,0.0032913224,0,holdout_2024
Ibarapa North,2024,0.0033887315,0,holdout_2024
Okrika,2024,0.003583403,0,holdout_2024
Imeko Afon,2024,0.996454,1,holdout_2024
Ibeno,2024,0.0028066623,0,holdout_2024
Nembe,2024,0.003251683,0,holdout_2024
Ilaje,2024,0.00450249,0,holdout_2024
Brass,2024,0.003347923,0,holdout_2024
Warri North,2024,0.0033232586,0,holdout_2024
Ese Odo,2024,0.0038036394,0,holdout_2024
Jalingo,2024,0.0026404571,0,holdout_2024
Burutu,2024,0.0036754413,0,holdout_2024
Girei,2024,0.99689925,1,holdout_2024
Yorro,2024,0.0027580722,0,holdout_2024
Ardo-Kola,2024,0.9961695,1,holdout_2024
Yola North,2024,0.99618894,1,holdout_2024
Yola South,2024,0.0032815556,0,holdout_2024
Mbo,2024,0.003494487,0,holdout_2024
Lau,2024,0.99668306,1,holdout_2024
Ibarapa Central,2024,0.003659483,0,holdout_2024
Abeokuta North,2024,0.0024139464,0,holdout_2024
Bonny,2024,0.0029473323,0,holdout_2024
Warri South-West,2024,0.0028257456,0,holdout_2024
Warri South,2024,0.0021384584,0,holdout_2024
Akuku Toru,2024,0.9966363,1,holdout_2024
Isokan,2024,0.002650028,0,holdout_2024
Irewole,2024,0.0024468552,0,holdout_2024
Essien Udim,2024,0.0028204876,0,holdout_2024
Onna,2024,0.9969668,1,holdout_2024
Udenu,2024,0.0027104446,0,holdout_2024
Ogu Bolo,2024,0.9965661,1,holdout_2024
Enugu South,2024,0.99598616,1,holdout_2024
Ikot Ekpene,2024,0.002782884,0,holdout_2024
Nsit Ubium,2024,0.0028204876,0,holdout_2024
Urue Offong/Oruko,2024,0.99700886,1,holdout_2024
Abak,2024,0.0028204876,0,holdout_2024
Nkanu East,2024,0.99650997,1,holdout_2024
Igbo-Eze-South,2024,0.0036548162,0,holdout_2024
Nsukka,2024,0.0024947312,0,holdout_2024
Tai,2024,0.0028204876,0,holdout_2024
Ife North,2024,0.0030247476,0,holdout_2024
Ayedade,2024,0.0028564213,0,holdout_2024
Ayedire,2024,0.0032934458,0,holdout_2024
Ahoada East,2024,0.9964114,1,holdout_2024
Iseyin,2024,0.0027985082,0,holdout_2024
Itesiwaju,2024,0.0033937388,0,holdout_2024
Kajola,2024,0.0030685677,0,holdout_2024
Nkanu West,2024,0.9962889,1,holdout_2024
Afikpo North,2024,0.0031286506,0,holdout_2024
Donga,2024,0.0028244976,0,holdout_2024
Oji-River,2024,0.0028606427,0,holdout_2024
Oyun,2024,0.0033580046,0,holdout_2024
Ogbia,2024,0.0036905135,0,holdout_2024
Asari-Toru,2024,0.9963343,1,holdout_2024
Uyo,2024,0.0025488785,0,holdout_2024
Ikono,2024,0.9969668,1,holdout_2024
Baruten,2024,0.0029321664,0,holdout_2024
Lagelu,2024,0.9962697,1,holdout_2024
Idah,2024,0.0031361773,0,holdout_2024
Machina,2024,0.9972057,1,holdout_2024
Ibaji,2024,0.99649835,1,holdout_2024
Municipal Area Council,2024,0.0021283014,0,holdout_2024
Kaiama,2024,0.002805527,0,holdout_2024
Bakura,2024,0.9973055,1,holdout_2024
Nguru,2024,0.9968479,1,holdout_2024
Gummi,2024,0.0032913224,0,holdout_2024
Ajingi,2024,0.9969765,1,holdout_2024
Port-Harcourt,2024,0.9961222,1,holdout_2024
Augie,2024,0.99758804,1,holdout_2024
Kebbe,2024,0.997134,1,holdout_2024
Surulere,2024,0.9974383,1,holdout_2024
Ringim,2024,0.9975178,1,holdout_2024
Emuoha,2024,0.002330118,0,holdout_2024
Isi-Uzo,2024,0.0036210367,0,holdout_2024
Yenegoa,2024,0.9952781,1,holdout_2024
Ilorin East,2024,0.0021693502,0,holdout_2024
Alkaleri,2024,0.997134,1,holdout_2024
Omumma,2024,0.99687237,1,holdout_2024
Birnin Kudu,2024,0.9973688,1,holdout_2024
Takum,2024,0.99616516,1,holdout_2024
Esan South-East,2024,0.0038405294,0,holdout_2024
Ifedayo,2024,0.0033765675,0,holdout_2024
Ori Ire,2024,0.0031454081,0,holdout_2024
Ifelodun,2024,0.0025710172,0,holdout_2024
Maradun,2024,0.9975738,1,holdout_2024
Aninri,2024,0.00411412,0,holdout_2024
Abakaliki,2024,0.0028601151,0,holdout_2024
Pategi,2024,0.0030064934,0,holdout_2024
Biriniwa,2024,0.9976307,1,holdout_2024
Ussa,2024,0.0032248439,0,holdout_2024
Silame,2024,0.9972711,1,holdout_2024
Takai,2024,0.0035664365,0,holdout_2024
Bwari,2024,0.0020879155,0,holdout_2024
Edu,2024,0.003767348,0,holdout_2024
Jema'A,2024,0.9967049,1,holdout_2024
Gumel,2024,0.9965056,1,holdout_2024
Binji,2024,0.0033157507,0,holdout_2024
Kware,2024,0.9972869,1,holdout_2024
Bunza,2024,0.9969351,1,holdout_2024
Mopa-Muro,2024,0.002596202,0,holdout_2024
Sokoto North,2024,0.0028081695,0,holdout_2024
Musawa,2024,0.997357,1,holdout_2024
Ethiope West,2024,0.0021376987,0,holdout_2024
Ishielu,2024,0.0030173024,0,holdout_2024
Sakaba,2024,0.0032373448,0,holdout_2024
Kudan,2024,0.9967085,1,holdout_2024
Kachia,2024,0.9968094,1,holdout_2024
Sabon Birni,2024,0.99725515,1,holdout_2024
Uzo-Uwani,2024,0.0035151176,0,holdout_2024
Jaba,2024,0.99694294,1,holdout_2024
Ibesikpo Asutan,2024,0.0026702082,0,holdout_2024
Sokoto South,2024,0.0028081695,0,holdout_2024
Yabo,2024,0.99667597,1,holdout_2024
Damboa,2024,0.002887974,0,holdout_2024
Matazu,2024,0.003586902,0,holdout_2024
Sandamu,2024,0.9973482,1,holdout_2024
Mashi,2024,0.0046111653,0,holdout_2024
Dan Musa,2024,0.003017334,0,holdout_2024
Kura,2024,0.99614453,1,holdout_2024
Lere,2024,0.9967289,1,holdout_2024
Zango,2024,0.99764496,1,holdout_2024
Wurno,2024,0.9970583,1,holdout_2024
Gudu,2024,0.0033353388,0,holdout_2024
Gwiwa,2024,0.9976732,1,holdout_2024
Birnin Kebbi,2024,0.0028846818,0,holdout_2024
Suru,2024,0.99706584,1,holdout_2024
Numan,2024,0.9962347,1,holdout_2024
Biu,2024,0.9967577,1,holdout_2024
Kaduna South,2024,0.0027516258,0,holdout_2024
Dikwa,2024,0.9967577,1,holdout_2024
Zaria,2024,0.9959925,1,holdout_2024
Kalgo,2024,0.9967514,1,holdout_2024
Yankwashi,2024,0.9976119,1,holdout_2024
Kaura,2024,0.9970385,1,holdout_2024
Lamurde,2024,0.99685174,1,holdout_2024
Monguno,2024,0.0033052047,0,holdout_2024
Enugu East,2024,0.00209977,0,holdout_2024
Ngala,2024,0.9962237,1,holdout_2024
Gubio,2024,0.9962692,1,holdout_2024
Yagba East,2024,0.0038181797,0,holdout_2024
Chibok,2024,0.9968148,1,holdout_2024
Tureta,2024,0.9968971,1,holdout_2024
Gashaka,2024,0.99681735,1,holdout_2024
Bauchi,2024,0.9967962,1,holdout_2024
Hawul,2024,0.9972218,1,holdout_2024
Uruan,2024,0.9967332,1,holdout_2024
Mayo-Belwa,2024,0.99623704,1,holdout_2024
Mubi South,2024,0.9969326,1,holdout_2024
Etsako West,2024,0.0033243296,0,holdout_2024
Fune,2024,0.9971616,1,holdout_2024
Mobbar,2024,0.9962692,1,holdout_2024
Potiskum,2024,0.0024478808,0,holdout_2024
Gwoza,2024,0.0031803348,0,holdout_2024
Guzamala,2024,0.9966889,1,holdout_2024
Maiha,2024,0.9968736,1,holdout_2024
Gulani,2024,0.9972057,1,holdout_2024
Zing,2024,0.99674314,1,holdout_2024
Orelope,2024,0.0034108332,0,holdout_2024
Nsit Ibom,2024,0.0027814421,0,holdout_2024
Fufore,2024,0.9968635,1,holdout_2024
Mkpat Enin,2024,0.0035181085,0,holdout_2024
Owan West,2024,0.0030190356,0,holdout_2024
Kaga,2024,0.9962567,1,holdout_2024
Karim Lamido,2024,0.99621576,1,holdout_2024
Kukawa,2024,0.0028984768,0,holdout_2024
Gombi,2024,0.99680233,1,holdout_2024
Guyuk,2024,0.9976586,1,holdout_2024
Tudun Wada,2024,0.9975442,1,holdout_2024
Saki West,2024,0.002814712,0,holdout_2024
Toungo,2024,0.9966491,1,holdout_2024
Abua/Odual,2024,0.99655175,1,holdout_2024
Bungudu,2024,0.9969656,1,holdout_2024
Shani,2024,0.9972363,1,holdout_2024
Shagari,2024,0.99685305,1,holdout_2024
Yunusari,2024,0.9968925,1,holdout_2024
Ganye,2024,0.99676126,1,holdout_2024
Jada,2024,0.0029020053,0,holdout_2024
Bali,2024,0.99669266,1,holdout_2024
Shelleng,2024,0.99758804,1,holdout_2024
Okitipupa,2024,0.0022498276,0,holdout_2024
Bayo,2024,0.9972711,1,holdout_2024
Ikot Abasi,2024,0.9961637,1,holdout_2024
Maiduguri,2024,0.0028081695,0,holdout_2024
Gujba,2024,0.9968004,1,holdout_2024
Esan North-East,2024,0.0021716107,0,holdout_2024
Tafawa-Balewa,2024,0.99758804,1,holdout_2024
Nangere,2024,0.99684733,1,holdout_2024
Ika,2024,0.0033350948,0,holdout_2024
Dambam,2024,0.9976351,1,holdout_2024
Ganjuwa,2024,0.9975503,1,holdout_2024
Nganzai,2024,0.002887974,0,holdout_2024
Ahoada West,2024,0.9970139,1,holdout_2024
Song,2024,0.9965879,1,holdout_2024
Oshimili North,2024,0.9960806,1,holdout_2024
Gokana,2024,0.99693525,1,holdout_2024
Bukkuyum,2024,0.0033561666,0,holdout_2024
Damaturu,2024,0.0028800194,0,holdout_2024
Geidam,2024,0.9968004,1,holdout_2024
Tarmuwa,2024,0.9968004,1,holdout_2024
Madagali,2024,0.003872662,0,holdout_2024
Michika,2024,0.9968497,1,holdout_2024
Mubi North,2024,0.9965139,1,holdout_2024
Owan East,2024,0.004267612,0,holdout_2024
Hong,2024,0.0026340142,0,holdout_2024
Nassarawa,2024,0.99620014,1,holdout_2024
Sabuwa,2024,0.0037727295,0,holdout_2024
Ohaozara,2024,0.0030795818,0,holdout_2024
Kaura Namoda,2024,0.9968364,1,holdout_2024
Dutsi,2024,0.9974928,1,holdout_2024
Kabo,2024,0.9971179,1,holdout_2024
Dandume,2024,0.0037718443,0,holdout_2024
Dawakin Tofa,2024,0.99727374,1,holdout_2024
Gezawa,2024,0.99617743,1,holdout_2024
Bodinga,2024,0.002568563,0,holdout_2024
Zurmi,2024,0.0038405294,0,holdout_2024
Warawa,2024,0.99725807,1,holdout_2024
Tangaza,2024,0.0038873171,0,holdout_2024
Maigatari,2024,0.9976077,1,holdout_2024
Danja,2024,0.99732924,1,holdout_2024
Fagge,2024,0.0028280308,0,holdout_2024
Jibia,2024,0.0042912876,0,holdout_2024
Eleme,2024,0.0027516258,0,holdout_2024
Bebeji,2024,0.99637526,1,holdout_2024
Rano,2024,0.9970571,1,holdout_2024
Tarauni,2024,0.9961222,1,holdout_2024
Etinan,2024,0.0028081695,0,holdout_2024
Yewa South,2024,0.9972185,1,holdout_2024
Argungu,2024,0.9972934,1,holdout_2024
Kiru,2024,0.99745613,1,holdout_2024
Batagarawa,2024,0.99654835,1,holdout_2024
Bomadi,2024,0.003482001,0,holdout_2024
Kwaya Kusar,2024,0.99657357,1,holdout_2024
Igbo-Etiti,2024,0.00225507,0,holdout_2024
Doguwa,2024,0.9972216,1,holdout_2024
Bade,2024,0.9973055,1,holdout_2024
Itu,2024,0.0026594147,0,holdout_2024
Bama,2024,0.9966768,1,holdout_2024
Gada,2024,0.99746144,1,holdout_2024
Gusau,2024,0.0029275697,0,holdout_2024
Lagos Mainland,2024,0.0027135308,0,holdout_2024
Kaita,2024,0.99746144,1,holdout_2024
Minjibir,2024,0.99727374,1,holdout_2024
Ini,2024,0.0040487694,0,holdout_2024
Talata Mafara,2024,0.0032375755,0,holdout_2024
Gwandu,2024,0.9968982,1,holdout_2024
Birnin Magaji-Kiyaw,2024,0.9972216,1,holdout_2024
Shanono,2024,0.9973356,1,holdout_2024
Rogo,2024,0.9970571,1,holdout_2024
Batsari,2024,0.0038147694,0,holdout_2024
Eket,2024,0.0028280308,0,holdout_2024
Okobo,2024,0.0034714031,0,holdout_2024
Kano Municipal,2024,0.99620014,1,holdout_2024
Bursari,2024,0.9968004,1,holdout_2024
Maiyama,2024,0.99673647,1,holdout_2024
Lagos Island,2024,0.0027135308,0,holdout_2024
Madobi,2024,0.99730647,1,holdout_2024
Miga,2024,0.9977563,1,holdout_2024
Rimi,2024,0.99723214,1,holdout_2024
Gabasawa,2024,0.004287127,0,holdout_2024
Aleiro,2024,0.99677855,1,holdout_2024
Ungogo,2024,0.0035676144,0,holdout_2024
Tambuwal,2024,0.9972504,1,holdout_2024
Jega,2024,0.0033387186,0,holdout_2024
Katsina,2024,0.9960849,1,holdout_2024
Dawakin Kudu,2024,0.99609756,1,holdout_2024
Arewa Dandi,2024,0.99753016,1,holdout_2024
Etim Ekpo,2024,0.0028081695,0,holdout_2024
Albasu,2024,0.9975896,1,holdout_2024
Marte,2024,0.9966446,1,holdout_2024
Kumbotso,2024,0.9961222,1,holdout_2024
Kazaure,2024,0.0041295635,0,holdout_2024
Malumfashi,2024,0.99708694,1,holdout_2024
Udi,2024,0.9956702,1,holdout_2024
Dutse,2024,0.99697304,1,holdout_2024
Gwaram,2024,0.99743634,1,holdout_2024
Zangon Kataf,2024,0.9975442,1,holdout_2024
Kiyawa,2024,0.9975083,1,holdout_2024
Zaki,2024,0.9976635,1,holdout_2024
Opobo/Nkoro,2024,0.99665415,1,holdout_2024
Shira,2024,0.9977563,1,holdout_2024
Dass,2024,0.9972487,1,holdout_2024
Enugu North,2024,0.0024274106,0,holdout_2024
Buji,2024,0.99743074,1,holdout_2024
Ukanafun,2024,0.0037414995,0,holdout_2024
Agaie,2024,0.0028140857,0,holdout_2024
Bagwai,2024,0.9973036,1,holdout_2024
Kajuru,2024,0.99729013,1,holdout_2024
Katcha,2024,0.99625313,1,holdout_2024
Kafur,2024,0.99770784,1,holdout_2024
Wasagu-Danko,2024,0.99754447,1,holdout_2024
Bida,2024,0.0029364508,0,holdout_2024
Kirfi,2024,0.9973122,1,holdout_2024
Dandi,2024,0.9973122,1,holdout_2024
Bagudu,2024,0.997134,1,holdout_2024
Kankara,2024,0.004128669,0,holdout_2024
Itas/Gadau,2024,0.0043870513,0,holdout_2024
Apapa,2024,0.0027516258,0,holdout_2024
Ondo East,2024,0.002875313,0,holdout_2024
Warji,2024,0.0040766047,0,holdout_2024
Katagum,2024,0.003352029,0,holdout_2024
Mani,2024,0.004255294,0,holdout_2024
Sanga,2024,0.99627113,1,holdout_2024
Bogoro,2024,0.9972977,1,holdout_2024
Fika,2024,0.99713576,1,holdout_2024
Kuje,2024,0.003481867,0,holdout_2024
Sule Tankarkar,2024,0.9976307,1,holdout_2024
Ibadan North East,2024,0.9961468,1,holdout_2024
Bindawa,2024,0.9969042,1,holdout_2024
Ilorin South,2024,0.0022839112,0,holdout_2024
Gamawa,2024,0.9975442,1,holdout_2024
Kafin Hausa,2024,0.9976307,1,holdout_2024
Ado Odo/Ota,2024,0.0024999564,0,holdout_2024
Garko,2024,0.9974564,1,holdout_2024
Kubau,2024,0.9973055,1,holdout_2024
Wukari,2024,0.0029755135,0,holdout_2024
Gwarzo,2024,0.9973635,1,holdout_2024
Oyigbo,2024,0.0027919873,0,holdout_2024
Ughelli South,2024,0.0038514761,0,holdout_2024
Fakai,2024,0.0036295573,0,holdout_2024
Kaugama,2024,0.0040221056,0,holdout_2024
Esan Central,2024,0.0031119303,0,holdout_2024
Goronyo,2024,0.99725515,1,holdout_2024
Ibarapa East,2024,0.0033387186,0,holdout_2024
Ikpoba-Okha,2024,0.0019449661,0,holdout_2024
Awgu,2024,0.99600405,1,holdout_2024
Olorunsogo,2024,0.0029457535,0,holdout_2024
Kabba/Bunu,2024,0.0028321915,0,holdout_2024
Ningi,2024,0.9975503,1,holdout_2024
Kurmi,2024,0.0027806181,0,holdout_2024
Bakori,2024,0.9964743,1,holdout_2024
Nsit Atai,2024,0.9969668,1,holdout_2024
Kankia,2024,0.9975805,1,holdout_2024
Gagarawa,2024,0.9977563,1,holdout_2024
Giade,2024,0.99746144,1,holdout_2024
Iguegben,2024,0.0033151219,0,holdout_2024
Akure North,2024,0.00316973,0,holdout_2024
Khana,2024,0.003006439,0,holdout_2024
Oruk Anam,2024,0.0031942772,0,holdout_2024
Misau,2024,0.9973647,1,holdout_2024
Kolokuma/Opokuma,2024,0.003117377,0,holdout_2024
Karaye,2024,0.99690324,1,holdout_2024
Sagbama,2024,0.00450249,0,holdout_2024
Garki,2024,0.9973194,1,holdout_2024
Mai'Adua,2024,0.9972524,1,holdout_2024
Ezza North,2024,0.99746263,1,holdout_2024
Ibi,2024,0.002862289,0,holdout_2024
Omala,2024,0.003095992,0,holdout_2024
Ile Oluji/Okeigbo,2024,0.99623317,1,holdout_2024
Baure,2024,0.99769706,1,holdout_2024
Dutsin Ma,2024,0.0039966432,0,holdout_2024
Uhunmwonde,2024,0.002433993,0,holdout_2024
Taura,2024,0.996985,1,holdout_2024
Ughelli North,2024,0.002097081,0,holdout_2024
Orhionmwon,2024,0.003192802,0,holdout_2024
Soba,2024,0.9974004,1,holdout_2024
Karasuwa,2024,0.003969712,0,holdout_2024
Ondo West,2024,0.0021945147,0,holdout_2024
Ika South,2024,0.0025940114,0,holdout_2024
Oye,2024,0.0040369136,0,holdout_2024
Bichi,2024,0.9976452,1,holdout_2024
Kwali,2024,0.99683243,1,holdout_2024
Oyo West,2024,0.0019218351,0,holdout_2024
Kusada,2024,0.99748355,1,holdout_2024
Roni,2024,0.99754936,1,holdout_2024
Toro,2024,0.99669856,1,holdout_2024
Akure South,2024,0.002725435,0,holdout_2024
Igabi,2024,0.9960706,1,holdout_2024
Okene,2024,0.0027814421,0,holdout_2024
Onitsha South,2024,0.99606365,1,holdout_2024
Agatu,2024,0.9970258,1,holdout_2024
Dala,2024,0.9969668,1,holdout_2024
Anka,2024,0.0037820155,0,holdout_2024
Tofa,2024,0.9969168,1,holdout_2024
Ingawa,2024,0.9976866,1,holdout_2024
Uvwie,2024,0.0027998483,0,holdout_2024
Idanre,2024,0.0025710172,0,holdout_2024
Okpe,2024,0.0025949455,0,holdout_2024
Anambra West,2024,0.0032740312,0,holdout_2024
Mushin,2024,0.0028081695,0,holdout_2024
Shagamu,2024,0.99534553,1,holdout_2024
Biase,2024,0.9976266,1,holdout_2024
Gaya,2024,0.9970798,1,holdout_2024
Charanchi,2024,0.99688333,1,holdout_2024
Etsako Central,2024,0.0037618468,0,holdout_2024
Darazo,2024,0.9966587,1,holdout_2024
Ijumu,2024,0.0028716566,0,holdout_2024
Irepodun,2024,0.0028611284,0,holdout_2024
Egbeda,2024,0.002725435,0,holdout_2024
Akoko South East,2024,0.0025765062,0,holdout_2024
Faskari,2024,0.9971601,1,holdout_2024
Makarfi,2024,0.99679273,1,holdout_2024
Udu,2024,0.0028429679,0,holdout_2024
Bunkure,2024,0.9973036,1,holdout_2024
Funtua,2024,0.9961637,1,holdout_2024
Dambatta,2024,0.9976732,1,holdout_2024
Jakusko,2024,0.99722844,1,holdout_2024
Gwale,2024,0.0028081695,0,holdout_2024
Babura,2024,0.99746144,1,holdout_2024
Sapele,2024,0.0021128794,0,holdout_2024
Ika North East,2024,0.995011,1,holdout_2024
Surulere,2024,0.0027135308,0,holdout_2024
Garun Malam,2024,0.9961637,1,holdout_2024
Offa,2024,0.0026752697,0,holdout_2024
Shomolu,2024,0.9960735,1,holdout_2024
Makoda,2024,0.9972355,1,holdout_2024
Rimin Gado,2024,0.99741626,1,holdout_2024
Yusufari,2024,0.99683124,1,holdout_2024
Bassa,2024,0.99636686,1,holdout_2024
Jahun,2024,0.9977563,1,holdout_2024
Kurfi,2024,0.0035071645,0,holdout_2024
Esan West,2024,0.002410894,0,holdout_2024
Kaduna North,2024,0.99606776,1,holdout_2024
Daura,2024,0.9962167,1,holdout_2024
Gassol,2024,0.99680233,1,holdout_2024
Auyo,2024,0.99733305,1,holdout_2024
Wudil,2024,0.9970446,1,holdout_2024
Ikara,2024,0.9973901,1,holdout_2024
Ifedore,2024,0.0022839112,0,holdout_2024
Lavun,2024,0.9967379,1,holdout_2024
Dange Shuni,2024,0.9966235,1,holdout_2024
Yewa North,2024,0.9971022,1,holdout_2024
Tsafe,2024,0.9976307,1,holdout_2024
Ekiti,2024,0.0034844305,0,holdout_2024
Zuru,2024,0.9972132,1,holdout_2024
Yagba West,2024,0.003251683,0,holdout_2024
Kogi,2024,0.99624133,1,holdout_2024
Olamaboro,2024,0.0035380255,0,holdout_2024
Odigbo,2024,0.9966798,1,holdout_2024
Agege,2024,0.9961222,1,holdout_2024
Kibiya,2024,0.99690324,1,holdout_2024
Isin,2024,0.003046876,0,holdout_2024
Sabon Gari,2024,0.9961391,1,holdout_2024
Malam Madori,2024,0.0034752106,0,holdout_2024
Lokoja,2024,0.9959121,1,holdout_2024
Ede South,2024,0.0024720104,0,holdout_2024
Giwa,2024,0.9972729,1,holdout_2024
Ikole,2024,0.0043025613,0,holdout_2024
Kunchi,2024,0.99754936,1,holdout_2024
Guri,2024,0.0043025613,0,holdout_2024
Maru,2024,0.99717194,1,holdout_2024
Dukku,2024,0.99753016,1,holdout_2024
Wamakko,2024,0.0025624365,0,holdout_2024
Oke Ero,2024,0.0031977834,0,holdout_2024
Oshodi/Isolo,2024,0.0028280308,0,holdout_2024
Abadam,2024,0.99631846,1,holdout_2024
Moba,2024,0.99684465,1,holdout_2024
Gwagwalada,2024,0.99512166,1,holdout_2024
Kagarko,2024,0.9969854,1,holdout_2024
Abaji,2024,0.99674773,1,holdout_2024
Sardauna,2024,0.003095886,0,holdout_2024
Shanga,2024,0.9967886,1,holdout_2024
Birnin Gwari,2024,0.9968004,1,holdout_2024
Ngaski,2024,0.0029941893,0,holdout_2024
Chikun,2024,0.0027168917,0,holdout_2024
Yauri,2024,0.9960349,1,holdout_2024
Kauru,2024,0.99750984,1,holdout_2024
Demsa,2024,0.002987437,0,holdout_2024
Umuahia South,2024,0.0027998483,0,holdout_2024
Obokun,2024,0.0033744308,0,holdout_2024
Owerri West,2024,0.9962697,1,holdout_2024
Nasarawa,2024,0.002918707,0,holdout_2024
Idemili South,2024,0.0028372798,0,holdout_2024
Aba North,2024,0.0024274106,0,holdout_2024
Odeda,2024,0.9962984,1,holdout_2024
Ijebu East,2024,0.0023611283,0,holdout_2024
Okpokwu,2024,0.9971,1,holdout_2024
Shomgom,2024,0.99723023,1,holdout_2024
Ado-Ekiti,2024,0.0024291317,0,holdout_2024
Ahiazu-Mbaise,2024,0.0035181085,0,holdout_2024
Ankpa,2024,0.9972711,1,holdout_2024
Nkwerre,2024,0.0028381352,0,holdout_2024
Apa,2024,0.9967367,1,holdout_2024
Kwande,2024,0.0032977483,0,holdout_2024
Ikom,2024,0.0026912251,0,holdout_2024
Ido-Osi,2024,0.0033350948,0,holdout_2024
Ukwa East,2024,0.0029730063,0,holdout_2024
Ukwa West,2024,0.0028606427,0,holdout_2024
Nnewi South,2024,0.0032215868,0,holdout_2024
Bende,2024,0.0030916387,0,holdout_2024
Okigwe,2024,0.9963074,1,holdout_2024
Jama'Are,2024,0.99708456,1,holdout_2024
Kokona,2024,0.99625313,1,holdout_2024
Mafa,2024,0.9968004,1,holdout_2024
Akko,2024,0.9965934,1,holdout_2024
Ushongo,2024,0.0035878124,0,holdout_2024
Ehime-Mbano,2024,0.996924,1,holdout_2024
Ideato South,2024,0.9972355,1,holdout_2024
Ife South,2024,0.0028258504,0,holdout_2024
Oyi,2024,0.99623907,1,holdout_2024
Ekiti South-West,2024,0.0035676144,0,holdout_2024
Ayamelum,2024,0.0034621204,0,holdout_2024
Aboh-Mbaise,2024,0.9961396,1,holdout_2024
Ilejemeje,2024,0.0033928792,0,holdout_2024
Mbatoli,2024,0.0028754289,0,holdout_2024
Akamkpa,2024,0.003773063,0,holdout_2024
Obi Nwga,2024,0.9959591,1,holdout_2024
Logo,2024,0.0036806257,0,holdout_2024
Guma,2024,0.99634534,1,holdout_2024
Ogoja,2024,0.99630654,1,holdout_2024
Ohafia,2024,0.0029077386,0,holdout_2024
Orumba North,2024,0.9967982,1,holdout_2024
Ado,2024,0.9976307,1,holdout_2024
Toto,2024,0.0029755135,0,holdout_2024
Egbedore,2024,0.0027429054,0,holdout_2024
Owerri North,2024,0.9958021,1,holdout_2024
Idemili North,2024,0.9963379,1,holdout_2024
Isiala-Ngwa South,2024,0.9960116,1,holdout_2024
Funakaye,2024,0.9973055,1,holdout_2024
Katsina-Ala,2024,0.0031717948,0,holdout_2024
Mokwa,2024,0.0032532273,0,holdout_2024
Aba South,2024,0.0028081695,0,holdout_2024
Edati,2024,0.0036584977,0,holdout_2024
Odogbolu,2024,0.99548763,1,holdout_2024
Balanga,2024,0.99762136,1,holdout_2024
Ijebu North East,2024,0.0028429679,0,holdout_2024
Oturkpo,2024,0.996601,1,holdout_2024
Abi,2024,0.0031768659,0,holdout_2024
Ideato North,2024,0.0031490687,0,holdout_2024
Oriade,2024,0.0029364508,0,holdout_2024
Illela,2024,0.0039804773,0,holdout_2024
Nwangele,2024,0.0035181085,0,holdout_2024
Ife East,2024,0.0028616209,0,holdout_2024
Obanliku,2024,0.0031987866,0,holdout_2024
Onuimo,2024,0.9972355,1,holdout_2024
Qua'An Pan,2024,0.9964863,1,holdout_2024
Ngor-Okpala,2024,0.996527,1,holdout_2024
Ona Ara,2024,0.9970251,1,holdout_2024
Igbo-Eze North,2024,0.0035181085,0,holdout_2024
Oju,2024,0.0035878124,0,holdout_2024
Boluwaduro,2024,0.0031060851,0,holdout_2024
Shinkafi,2024,0.003910217,0,holdout_2024
Orsu,2024,0.9966409,1,holdout_2024
Anaocha,2024,0.9961637,1,holdout_2024
Bekwarra,2024,0.0028601151,0,holdout_2024
Umu-Nneochi,2024,0.0024340022,0,holdout_2024
Ose,2024,0.0043025613,0,holdout_2024
Nnewi North,2024,0.9960116,1,holdout_2024
Akoko North West,2024,0.0031762575,0,holdout_2024
Ilesha East,2024,0.99624324,1,holdout_2024
Njikoka,2024,0.0028696777,0,holdout_2024
Ohaji/Egbema,2024,0.9969194,1,holdout_2024
Gombe,2024,0.002769294,0,holdout_2024
Owerri Municipal,2024,0.0024274106,0,holdout_2024
Keana,2024,0.9972677,1,holdout_2024
Ohaukwu,2024,0.0032521728,0,holdout_2024
Gbonyin,2024,0.0034622187,0,holdout_2024
Isiala Mbano,2024,0.003913987,0,holdout_2024
Irepodun/Ifelodun,2024,0.0030916387,0,holdout_2024
Obowo,2024,0.99608,1,holdout_2024
Isuikwuato,2024,0.9965072,1,holdout_2024
Makurdi,2024,0.0019707961,0,holdout_2024
Gboko,2024,0.0034509231,0,holdout_2024
Ife Central,2024,0.0028429679,0,holdout_2024
Isiala-Ngwa North,2024,0.0027828945,0,holdout_2024
Yakurr,2024,0.99676776,1,holdout_2024
Billiri,2024,0.0037010198,0,holdout_2024
Dunukofia,2024,0.0026832982,0,holdout_2024
Osisioma Ngwa,2024,0.0027724023,0,holdout_2024
Ola Oluwa,2024,0.0030416762,0,holdout_2024
Wamba,2024,0.0032248439,0,holdout_2024
Boripe,2024,0.0036378424,0,holdout_2024
Yala,2024,0.0036312048,0,holdout_2024
Aguata,2024,0.99681574,1,holdout_2024
Calabar Municipal,2024,0.0024917652,0,holdout_2024
Onitsha North,2024,0.0024274106,0,holdout_2024
Ukum,2024,0.99703383,1,holdout_2024
Isa,2024,0.99725515,1,holdout_2024
Ogun Waterside,2024,0.9964737,1,holdout_2024
Ifelodun,2024,0.002314168,0,holdout_2024
Arochukwu,2024,0.002650028,0,holdout_2024
Ijebu Ode,2024,0.9955338,1,holdout_2024
Magumeri,2024,0.99631846,1,holdout_2024
Boki,2024,0.00303705,0,holdout_2024
Kwami,2024,0.99710804,1,holdout_2024
Ekiti East,2024,0.9957082,1,holdout_2024
Moro,2024,0.0023372832,0,holdout_2024
Ezinihitte,2024,0.99727374,1,holdout_2024
Kala Balge,2024,0.9964425,1,holdout_2024
Awe,2024,0.99629503,1,holdout_2024
Orolu,2024,0.0028138382,0,holdout_2024
Obubra,2024,0.002681668,0,holdout_2024
Akoko-Edo,2024,0.0040552276,0,holdout_2024
Osogbo,2024,0.99560505,1,holdout_2024
Ise/Orun,2024,0.0036222155,0,holdout_2024
Njaba,2024,0.9972355,1,holdout_2024
Obi,2024,0.99696726,1,holdout_2024
Buruku,2024,0.0029220255,0,holdout_2024
Obudu,2024,0.0029111067,0,holdout_2024
Orlu,2024,0.9960116,1,holdout_2024
Iwo,2024,0.0028429679,0,holdout_2024
Awka North,2024,0.0023451217,0,holdout_2024
Tarka,2024,0.99645656,1,holdout_2024
Umuahia North,2024,0.0026404571,0,holdout_2024
Odo Otin,2024,0.0030710835,0,holdout_2024
Ihiala,2024,0.99584144,1,holdout_2024
Ilesha West,2024,0.0026832982,0,holdout_2024
Kaltungo,2024,0.9967514,1,holdout_2024
Irepodun,2024,0.0035676144,0,holdout_2024
Ebonyi,2024,0.0028229041,0,holdout_2024
Lafia,2024,0.9962909,1,holdout_2024
Ijebu North,2024,0.0023803592,0,holdout_2024
Ndokwa West,2024,0.0033066329,0,holdout_2024
Ikeduru,2024,0.9967578,1,holdout_2024
Okehi,2024,0.0022594796,0,holdout_2024
Yamaltu/Deba,2024,0.99769706,1,holdout_2024
Emure,2024,0.0045302445,0,holdout_2024
Ikere,2024,0.0022369227,0,holdout_2024
Oguta,2024,0.0031553619,0,holdout_2024
Konshisha,2024,0.0036086747,0,holdout_2024
Ejigbo,2024,0.0028983513,0,holdout_2024
Gwer West,2024,0.99723357,1,holdout_2024
Etung,2024,0.0028801728,0,holdout_2024
Ekwusigo,2024,0.0027998483,0,holdout_2024
Ijero,2024,0.003148337,0,holdout_2024
Ugwunagbo,2024,0.0026752697,0,holdout_2024
Olorunda,2024,0.996271,1,holdout_2024
Nasarawa Egon,2024,0.99640924,1,holdout_2024
Ede North,2024,0.0026404571,0,holdout_2024
Afikpo South,2024,0.0036394726,0,holdout_2024
Oru West,2024,0.0026752697,0,holdout_2024
Anambra East,2024,0.99561465,1,holdout_2024
Vandeikya,2024,0.0038867965,0,holdout_2024
Atakunmosa West,2024,0.0028956214,0,holdout_2024
Ogbaru,2024,0.0023451217,0,holdout_2024
Ikwuano,2024,0.0033983914,0,holdout_2024
Keffi,2024,0.0027708772,0,holdout_2024
Adavi,2024,0.0020866385,0,holdout_2024
Oru East,2024,0.9962813,1,holdout_2024
Remo North,2024,0.9958947,1,holdout_2024
Karu,2024,0.9958587,1,holdout_2024
Ikenne,2024,0.0025081784,0,holdout_2024
Ila,2024,0.0030069824,0,holdout_2024
Doma,2024,0.002782544,0,holdout_2024
Nafada,2024,0.9972216,1,holdout_2024
Gwer East,2024,0.0029718603,0,holdout_2024
Efon,2024,0.9965329,1,holdout_2024
Ihitte/Uboma,2024,0.0035676144,0,holdout_2024
Ekiti West,2024,0.0031586078,0,holdout_2024
Atisbo,2024,0.0032803267,0,holdout_2024
Isu,2024,0.9972355,1,holdout_2024
Ogbadibo,2024,0.9962178,1,holdout_2024
Atakunmosa East,2024,0.0034655076,0,holdout_2024
Akwanga,2024,0.0029424154,0,holdout_2024
Rafi,2024,0.0026550903,0,holdout_2024
Odukpani,2024,0.0030055589,0,holdout_2024
Gbako,2024,0.0032071797,0,holdout_2024
Ukwuani,2024,0.996523,1,holdout_2024
Awka South,2024,0.0024274106,0,holdout_2024
Gurara,2024,0.9963379,1,holdout_2024
Kontagora,2024,0.99665314,1,holdout_2024
Mashegu,2024,0.00288342,0,holdout_2024
Wushishi,2024,0.002681668,0,holdout_2024
Shiroro,2024,0.9963631,1,holdout_2024
Borgu,2024,0.0031089613,0,holdout_2024
Lapai,2024,0.002785679,0,holdout_2024
Akoko South West,2024,0.0021496795,0,holdout_2024
Rijau,2024,0.004214185,0,holdout_2024
Chanchaga,2024,0.0027998483,0,holdout_2024
Mariga,2024,0.0029814,0,holdout_2024
Munya,2024,0.0029696303,0,holdout_2024
Bosso,2024,0.0026912251,0,holdout_2024
Suleja,2024,0.9960849,1,holdout_2024
Paikoro,2024,0.0029424154,0,holdout_2024
Kanke,2024,0.0032702114,0,holdout_2024
Jos North,2024,0.9962268,1,holdout_2024
Jos East,2024,0.0030903928,0,holdout_2024
Oredo,2024,0.0020387627,0,holdout_2024
Patani,2024,0.0024850103,0,holdout_2024
Shendam,2024,0.9968894,1,holdout_2024
Egor,2024,0.0027135308,0,holdout_2024
Langtang North,2024,0.0031626837,0,holdout_2024
Jos South,2024,0.0025257599,0,holdout_2024
Mikang,2024,0.99695563,1,holdout_2024
Barkin Ladi,2024,0.99669087,1,holdout_2024
Pankshin,2024,0.99676967,1,holdout_2024
Bokkos,2024,0.9968029,1,holdout_2024
Wase,2024,0.0029437377,0,holdout_2024
Bassa,2024,0.99681735,1,holdout_2024
Orumba South,2024,0.0036217545,0,holdout_2024
Kanam,2024,0.99743265,1,holdout_2024
Langtang South,2024,0.0032313925,0,holdout_2024
Mangu,2024,0.99713993,1,holdout_2024
Tafa,2024,0.002188791,0,holdout_2024
Magama,2024,0.99670106,1,holdout_2024
Agwara,2024,0.0029341204,0,holdout_2024
Riyom,2024,0.0031636865,0,holdout_2024
Rabah,2024,0.0032913224,0,holdout_2024
Ikwo,2024,0.0035097953,0,holdout_2024
Safana,2024,0.99719465,1,holdout_2024
Ajeromi/Ifelodun,2024,0.0035181085,0,holdout_2024
Koko-Besse,2024,0.99727565,1,holdout_2024
Epe,2024,0.0029754837,0,holdout_2024
Sumaila,2024,0.9972216,1,holdout_2024
Ogori/Magongo,2024,0.0027641077,0,holdout_2024
Amuwo Odofin,2024,0.0028696777,0,holdout_2024
Tsanyawa,2024,0.9976732,1,holdout_2024
Ibeju Lekki,2024,0.99527377,1,holdout_2024
Ajaokuta,2024,0.99651504,1,holdout_2024
Irepo,2024,0.00335287,0,holdout_2024
Isoko North,2024,0.0026591162,0,holdout_2024
Ezeagu,2024,0.0027237297,0,holdout_2024
Irele,2024,0.0041992995,0,holdout_2024
Owo,2024,0.0031167443,0,holdout_2024
Dekina,2024,0.9970258,1,holdout_2024
Akoko North East,2024,0.0024131564,0,holdout_2024
Oluyole,2024,0.00219955,0,holdout_2024
Ogba/Egbema/Ndoni,2024,0.003149422,0,holdout_2024
Ovia South-West,2024,0.0031454081,0,holdout_2024
Ndokwa East,2024,0.003303862,0,holdout_2024
Saki East,2024,0.0043025613,0,holdout_2024
Onicha,2024,0.003295835,0,holdout_2024
Ethiope East,2024,0.0034569532,0,holdout_2024
Obi,2024,0.99722123,1,holdout_2024
Oyo East,2024,0.0027814421,0,holdout_2024
Ivo,2024,0.9965282,1,holdout_2024
Etsako East,2024,0.0033891597,0,holdout_2024
Oshimili South,2024,0.0019121089,0,holdout_2024
Izzi,2024,0.0036045602,0,holdout_2024
Isoko South,2024,0.0033215657,0,holdout_2024
Ezza South,2024,0.9966647,1,holdout_2024
Ofu,2024,0.99696106,1,holdout_2024
Aniocha North,2024,0.0030194735,0,holdout_2024
Aniocha South,2024,0.003149491,0,holdout_2024
Igalamela-Odolu,2024,0.99642736,1,holdout_2024
Ibiono Ibom,2024,0.9969842,1,holdout_2024
Obot Akara,2024,0.003316854,0,holdout_2024
Ogo Oluwa,2024,0.002933788,0,holdout_2024
Atiba,2024,0.0024301303,0,holdout_2024
Ogbomosho South,2024,0.0027998483,0,holdout_2024
Ovia North-East,2024,0.002891864,0,holdout_2024
Afijio,2024,0.0034386464,0,holdout_2024
Ogbomosho North,2024,0.002532873,0,holdout_2024
Ikwerre,2024,0.00245344,0,holdout_2024
Esit Eket,2024,0.0034474568,0,holdout_2024
Obio/Akpor,2024,0.0025488785,0,holdout_2024
Etche,2024,0.99726367,1,holdout_2024
Askira Uba,2024,0.99753016,1,holdout_2024
Gwadabawa,2024,0.99746144,1,holdout_2024
Hadejia,2024,0.0028204876,0,holdout_2024
Kiri Kasama,2024,0.9977563,1,holdout_2024
Konduga,2024,0.996816,1,holdout_2024
Jere,2024,0.99711895,1,holdout_2024
Eti Osa,2024,0.002532873,0,holdout_2024
Kosofe,2024,0.99606776,1,holdout_2024
Ibadan North,2024,0.99606776,1,holdout_2024
Akinyele,2024,0.9955812,1,holdout_2024
Ido,2024,0.0024291098,0,holdout_2024
Ibadan North West,2024,0.0027135308,0,holdout_2024
Ibadan South West,2024,0.0027135308,0,holdout_2024
Ibadan South East,2024,0.0027516258,0,holdout_2024
Abeokuta South,2024,0.0025080387,0,holdout_2024
Alimosho,2024,0.0027135308,0,holdout_2024
Ifako/Ijaye,2024,0.002769294,0,holdout_2024
Ikorodu,2024,0.0027544193,0,holdout_2024
Ifo,2024,0.0024232261,0,holdout_2024
Ikeja,2024,0.0024521728,0,holdout_2024
Ewekoro,2024,0.9963379,1,holdout_2024
Ojo,2024,0.99606776,1,holdout_2024
Badagry,2024,0.0027551502,0,holdout_2024
Obafemi Owode,2024,0.0025702508,0,holdout_2024
Ipokia,2024,0.002935129,0,holdout_2024
Ohimini,2024,0.9964988,1,holdout_2024
Ilorin West,2024,0.0027516258,0,holdout_2024
Asa,2024,0.99640995,1,holdout_2024
