cluster_id,latitude,longitude,urban_rural,live_births,u5_deaths,u5mr,survey_year,quality_flag
1,6.90227,8.097115,R,47.181512000000005,5.055162,107.1428571428571,2013,sparse
2,7.854454,7.876807,R,29.494320000000002,5.204880000000001,217.3729706936538,2013,sparse
3,7.781454,7.940457,R,27.759359999999997,2.31328,233.3333333333333,2013,sparse
4,7.176902,9.197081,R,68.6805,4.5787,121.21212121212122,2013,complete
5,7.148612,9.16421,R,64.75366500000001,4.46577,98.85057471264358,2013,complete
6,7.49703,8.82081,R,44.99396999999999,3.999464,88.8888888888889,2013,sparse
7,7.445235,9.004712,R,18.44199,3.073665,200.00000000000006,2013,sparse
8,7.245967,8.672722,R,52.62711999999999,6.07236,121.72893772893778,2013,complete
9,7.33442,8.976706,U,14.219344,1.777418,129.4642857142857,2013,sparse
10,7.296585,8.20877,R,48.92991,2.87823,78.34101382488467,2013,sparse
11,7.187582,9.677511,R,57.042480000000005,5.9419249999999995,130.98495212038296,2013,complete
12,7.293197,9.682045,R,68.45206099999999,6.6243929999999995,105.1893408134642,2013,complete
13,7.72715,8.55256,U,10.736415000000001,0.0,0.0,2013,sparse
14,6.955776,8.307408,R,49.79335699999999,2.620703,52.631578947368475,2013,sparse
15,7.119258,7.626355,R,16.649808,1.040613,62.5,2013,sparse
16,6.84829,8.434496,U,33.769725,4.052367,126.0,2013,sparse
17,7.178323,7.813354,R,23.742522,0.0,0.0,2013,sparse
18,7.122212,7.79639,R,10.780696,0.0,0.0,2013,sparse
19,7.10258,8.099183,R,9.584025,0.0,0.0,2013,sparse
20,7.481109,7.98704,R,31.715519999999994,4.228736,137.49999999999994,2013,sparse
21,7.191263,8.146332,U,3.576001,0.0,0.0,2013,sparse
22,7.782101,9.538207,R,97.919988,12.500423999999999,129.89921612542,2013,complete
23,7.731045,9.621146,R,113.714931,10.337721,108.662381389654,2013,complete
24,6.714298,9.075205,R,22.505472,1.8754560000000002,93.33333333333339,2013,sparse
25,8.632711,6.802451,R,7.3576310000000005,0.639794,133.33333333333331,2013,sparse
26,8.482544,6.946514,U,14.1638,0.70819,50.00000000000004,2013,sparse
27,9.05551,7.378751,R,3.847984,0.0,0.0,2013,sparse
28,9.024736,7.422396,R,7.503373,0.517474,68.96551724137923,2013,sparse
29,9.07485,7.394607,U,6.545688,0.0,0.0,2013,sparse
30,9.096179,7.414277,U,2.818044,0.0,0.0,2013,sparse
31,9.082032,7.418711,U,6.042402000000001,0.335689,55.55555555555558,2013,sparse
32,9.060277,7.399262,U,8.134182000000001,0.0,0.0,2013,sparse
33,9.061271,7.443314,U,2.876148,0.0,0.0,2013,sparse
34,9.071747,7.47703,U,1.9433469999999997,0.0,0.0,2013,sparse
35,9.082368,7.501654,U,2.763312,0.0,0.0,2013,sparse
36,9.098192,7.527573,U,12.706186999999998,0.409877,32.258064516129004,2013,sparse
37,9.044939,7.494066,U,3.382536,0.0,0.0,2013,sparse
38,9.075202,7.327502,U,10.196145,1.132905,111.11111111111116,2013,sparse
39,8.974457,7.374716,U,17.565794,2.066564,131.22171945701356,2013,sparse
40,9.159592,7.348256,U,15.130008,0.630417,41.66666666666663,2013,sparse
41,9.162514,6.995731,R,19.088496000000003,2.27244,179.29292929292927,2013,sparse
42,9.067543,7.154071,R,12.710996999999997,0.325923,41.66666666666663,2013,sparse
43,8.946452,7.064911,R,19.65039999999999,1.3552,73.10344827586212,2013,sparse
44,8.933239,7.091917,U,10.457320000000003,0.522866,50.00000000000004,2013,sparse
45,8.959734,7.077051,U,2.63785,0.0,0.0,2013,sparse
46,8.607537,7.178458,R,9.063127000000001,1.182147,167.31366459627327,2013,sparse
47,8.599753,6.847795,R,12.718752000000002,1.0041120000000001,109.77443609022552,2013,sparse
48,7.581107,6.188577,R,12.49307,0.0,0.0,2013,sparse
49,7.514677,6.484442,R,8.46166,0.0,0.0,2013,sparse
50,7.479214,7.602561,R,49.9632,1.42752,37.03703703703698,2013,sparse
51,7.412503,7.7566,R,9.604861,1.5165570000000002,194.7368421052632,2013,sparse
52,7.565668,7.62176,U,13.658299999999999,0.0,0.0,2013,sparse
53,7.909535,7.070504,R,12.487384,0.445978,38.46153846153844,2013,sparse
54,7.814521,7.020374,R,7.666191,0.567866,101.23456790123453,2013,sparse
55,7.813341,6.982528,R,10.075769999999997,0.895624,103.04659498207891,2013,sparse
56,7.524204,7.160336,U,36.649787999999994,1.745228,47.61904761904767,2013,sparse
57,6.809701,6.68264,R,13.751144000000002,3.1252600000000004,307.52840909090907,2013,sparse
58,7.189299,6.797413,R,4.968744,0.0,0.0,2013,sparse
59,7.685192,5.988825,R,25.808055,1.720537,83.33333333333337,2013,sparse
60,7.846395,5.991781,U,7.667506999999999,0.0,0.0,2013,sparse
61,7.821073,6.099531,U,14.007592,0.0,0.0,2013,sparse
62,8.117333,6.854475,R,10.456643999999999,0.0,0.0,2013,sparse
63,7.911439,6.753847,R,23.007776,1.437986,62.5,2013,sparse
64,7.809938,6.748363,U,49.38077199999999,7.054396,177.58590850527844,2013,sparse
65,7.64691,6.344131,R,10.512936000000003,1.001232,97.74436090225558,2013,sparse
66,7.56379,6.169152,U,4.144699,0.0,0.0,2013,sparse
67,7.568769,6.173435,U,11.477652,0.0,0.0,2013,sparse
68,7.550173,6.24953,U,31.4448,0.98265,31.25,2013,sparse
69,7.278214,7.736047,R,20.458016,0.0,0.0,2013,sparse
70,7.213366,7.624369,R,4.582739,0.654677,142.8571428571428,2013,sparse
71,7.913647,7.505779,R,8.222790000000002,0.0,0.0,2013,sparse
72,8.313542,4.38855,U,22.46266300000001,1.8212970000000002,81.08108108108102,2013,sparse
73,8.297746,4.526147,U,24.593327999999996,4.098888,185.05942275042452,2013,sparse
74,9.767329,3.378472,U,29.702268000000007,2.200168,91.98963866483045,2013,sparse
75,9.215433,3.203993,U,13.1034,0.327585,27.77777777777779,2013,sparse
76,8.972641,5.200414,R,39.553023999999986,4.465664,147.10615067480649,2013,sparse
77,9.069555,4.950153,R,24.023088,1.334616,55.55555555555558,2013,sparse
78,8.828906,4.993176,U,20.118008,1.297936,65.62847608453825,2013,sparse
79,8.398243,4.623362,R,26.914159999999992,1.345708,50.00000000000004,2013,sparse
80,8.835276,4.844875,U,13.45305,1.552275,136.15795968737143,2013,sparse
81,8.323687,5.242049,U,3.4337109999999997,0.0,0.0,2013,sparse
82,8.52518,4.546441,U,25.258505999999993,1.9429619999999999,79.185520361991,2013,sparse
83,8.505205,4.544727,U,7.09142,0.354571,58.82352941176472,2013,sparse
84,8.500912,4.602338,U,27.649208999999995,0.0,0.0,2013,sparse
85,8.474936,4.561175,U,9.949065000000001,1.04727,108.3591331269349,2013,sparse
86,8.509775,4.530087,U,10.735163999999997,0.0,0.0,2013,sparse
87,8.473993,4.539439,U,15.39,0.513,33.33333333333333,2013,sparse
88,8.494575,4.521048,U,19.23495,1.1540970000000002,60.00000000000006,2013,sparse
89,8.16242,5.14145,R,4.848300000000001,0.48483,99.99999999999997,2013,sparse
90,8.745118,4.464231,R,25.121239999999997,0.73886,40.000000000000036,2013,sparse
91,9.116502,4.814712,R,13.159367999999999,0.731076,55.55555555555558,2013,sparse
92,8.154345,4.719409,U,6.89859,0.0,0.0,2013,sparse
93,8.086075,4.705347,U,8.302975,0.0,0.0,2013,sparse
94,8.699826,5.895578,R,13.657984999999998,1.88386,160.24340770791068,2013,sparse
95,8.964446,8.472936,R,19.318291999999996,1.379878,86.4661654135338,2013,sparse
96,9.143764,8.381281,R,10.942456000000004,1.563208,142.8571428571428,2013,sparse
97,8.908278,8.378301,U,8.103844000000002,0.578846,71.4285714285714,2013,sparse
98,8.394625,8.356697,U,32.085306,0.0,0.0,2013,sparse
99,9.276733,7.951489,R,13.248512,0.414016,31.25,2013,sparse
100,9.313766,7.745062,R,20.581380000000006,2.858525,147.37654320987647,2013,sparse
101,8.876495,7.695011,R,54.647166,6.505615000000001,137.9278273809522,2013,complete
102,8.854504,7.882599,U,8.938099999999999,0.89381,100.00000000000009,2013,sparse
103,8.750151,8.090164,R,20.438456999999985,3.1443779999999997,153.84615384615395,2013,sparse
104,8.596511,8.925096,R,49.83079500000001,3.050865,63.122923588039946,2013,sparse
105,8.479997,8.620825,R,29.663234999999993,3.295915,221.5517241379311,2013,sparse
106,8.804697,8.752105,R,44.81544,4.668275,135.3790274013851,2013,sparse
107,8.546015,8.451322,R,8.04355,0.321742,41.66666666666663,2013,sparse
108,8.524722,8.514258,U,11.117507,0.653971,58.82352941176472,2013,sparse
109,8.103565,7.670108,R,12.798183999999996,0.457078,66.66666666666666,2013,sparse
110,8.195676,7.746035,R,28.250685000000004,2.511172,102.56410256410253,2013,sparse
111,7.987791,7.848827,R,25.579718999999997,0.0,0.0,2013,sparse
112,8.52978,7.788128,R,18.546507,1.090971,66.66666666666666,2013,sparse
113,8.770745,8.625758,R,7.864178000000002,1.123454,204.08163265306123,2013,sparse
115,8.717259,8.531831,U,6.241547000000001,0.960238,153.84615384615387,2013,sparse
116,8.348507,8.833737,R,9.195317,0.0,0.0,2013,sparse
117,8.946828,8.710266,R,19.280079,2.754297,150.77110389610394,2013,sparse
118,9.181494,6.376671,R,76.92279199999997,14.169988,256.3226247436774,2013,complete
119,8.633371,6.416811,R,83.957477,2.269121,27.027027027026975,2013,complete
120,9.023282,6.316563,U,109.24385999999998,7.282924,67.59259259259265,2013,complete
121,9.097077,6.022804,U,29.66650399999999,0.0,0.0,2013,sparse
122,10.349935,3.737298,R,83.957477,2.269121,33.33333333333333,2013,complete
123,10.82236,3.937307,R,89.29378599999998,4.540362,51.78907721280601,2013,complete
124,9.695056,6.475028,U,22.769599999999993,2.4396,110.11904761904756,2013,sparse
125,9.578402,6.569628,U,16.119882,0.0,0.0,2013,sparse
126,9.119642,5.945372,R,76.53024100000002,4.884909,74.46808510638303,2013,complete
127,9.142659,5.889798,R,106.648687,0.0,0.0,2013,complete
128,9.37879,6.995329,R,60.214560000000006,5.3763000000000005,95.18809994353472,2013,complete
129,9.369888,6.38832,R,37.956775,2.7773250000000003,130.1749271137026,2013,sparse
130,10.551203,5.451174,R,24.729085000000005,0.0,0.0,2013,sparse
131,10.55603,5.59688,R,34.235036,2.334207,84.91715399610133,2013,sparse
132,10.41254,5.455511,U,13.747954000000002,0.0,0.0,2013,sparse
133,9.243076,5.734276,R,80.28921200000003,10.56437,143.4362934362934,2013,complete
134,10.07875,6.015912,R,49.92675,2.995605,76.00000000000007,2013,sparse
135,8.77173,5.797715,R,63.911617000000014,5.182023,119.31818181818177,2013,complete
136,9.608769,7.300629,R,97.236717,13.567913999999998,156.3000188306185,2013,complete
137,10.959827,5.190469,R,77.99545,1.559909,20.000000000000018,2013,complete
138,10.092704,6.554116,R,28.155944,0.0,0.0,2013,sparse
139,9.18261,7.190781,U,19.289571000000002,0.838677,43.47826086956519,2013,sparse
140,9.248913,7.277954,R,53.13458300000002,1.832227,34.482758620689616,2013,complete
141,9.744344,6.06576,R,57.56867600000001,5.233516,116.13504494483351,2013,complete
142,9.636519,9.087539,R,36.216912,2.263557,68.04542974755745,2013,sparse
143,9.813438,8.706256,R,10.839994000000003,0.492727,50.00000000000004,2013,sparse
144,10.032155,9.112013,R,13.614938999999996,2.017028,197.53086419753075,2013,sparse
145,9.93553,8.914128,U,12.211992,0.0,0.0,2013,sparse
146,9.923324,8.847693,U,16.140293,0.949429,66.66666666666666,2013,sparse
147,9.923981,8.917847,U,10.34372,1.034372,99.99999999999997,2013,sparse
148,9.896175,8.890274,U,9.126169,0.702013,83.33333333333337,2013,sparse
149,9.711026,8.844146,U,11.659362,0.448437,40.000000000000036,2013,sparse
150,9.480116,9.157585,U,15.169212,0.842734,55.55555555555558,2013,sparse
151,9.421263,9.804832,R,60.658182000000004,5.7224699999999995,113.29825834542817,2013,complete
152,9.528891,10.366498,R,34.175232,5.492448,167.3469387755101,2013,sparse
153,8.651693,9.768994,R,44.998400000000004,2.699904,68.1572481572481,2013,sparse
154,9.130044,9.840172,R,21.571707999999997,1.9033859999999998,90.19607843137256,2013,sparse
155,8.988763,9.861915,R,8.429784,0.702482,83.33333333333337,2013,sparse
156,9.186171,9.704893,R,19.108627999999996,1.737148,90.90909090909093,2013,sparse
157,9.389979,9.200819,R,20.082032,0.0,0.0,2013,sparse
158,9.34251,9.205836,R,30.866660000000003,4.629999,149.99999999999991,2013,sparse
159,9.362292,9.424356,R,22.914930000000002,2.3705100000000003,106.20689655172421,2013,sparse
160,9.191591,9.678142,R,11.204578000000001,0.509299,45.45454545454541,2013,sparse
161,9.644287,8.60373,R,21.400301999999996,1.019062,48.84004884004889,2013,sparse
162,9.14353,9.802323,U,14.007404999999999,0.823965,58.82352941176472,2013,sparse
163,8.977145,9.781248,R,34.96355799999999,1.626212,133.33333333333331,2013,sparse
164,8.862011,9.635557,R,24.937332000000005,2.579724,110.66688877783315,2013,sparse
166,9.245381,11.863476,R,21.121344,1.242432,215.68627450980392,2013,sparse
167,9.283893,12.812037,R,38.80788799999999,2.771992,71.4285714285714,2013,sparse
168,9.389275,12.832313,R,40.71095599999999,3.131612,98.5082920566791,2013,sparse
169,9.366998,12.551611,R,21.268456000000008,1.4501220000000001,77.14285714285718,2013,sparse
170,10.377382,12.565215,R,23.110924999999998,0.924437,71.4285714285714,2013,sparse
171,10.287712,12.753104,R,16.450632,2.991024,191.91919191919183,2013,sparse
172,10.162288,12.742196,U,37.32616,0.0,0.0,2013,sparse
173,9.691542,11.943757,R,25.392989999999998,6.0459499999999995,240.98671726755217,2013,sparse
174,9.65012,11.805992,R,41.094143999999986,5.870592,176.94805194805195,2013,sparse
175,9.799688,11.92572,R,15.40448,1.10032,83.92857142857146,2013,sparse
176,9.902968,11.947606,U,20.309185999999997,1.791987,92.43697478991596,2013,sparse
177,10.183341,12.791833,R,47.171583999999996,3.043328,80.1075268817204,2013,sparse
178,8.765318,12.082464,R,23.989680000000003,0.54522,25.00000000000002,2013,sparse
179,8.531828,12.374966,R,23.646252000000004,0.695478,35.7142857142857,2013,sparse
180,10.018109,13.125219,R,36.764945999999995,5.828589,185.52854345625414,2013,sparse
181,10.182173,13.230579,R,28.015649999999997,2.801565,119.60975609756107,2013,sparse
182,10.108319,13.307371,R,45.93136499999999,8.645904,207.45304073812554,2013,sparse
183,10.253876,13.270651,U,33.277640000000005,0.831941,25.00000000000002,2013,sparse
184,10.060323,12.773261,R,44.505765,3.01734,68.75599616245597,2013,sparse
185,9.710026,12.272056,R,48.57911999999999,8.636288,209.55152327701353,2013,sparse
186,9.2158,12.498294,U,14.152426,1.147494,89.2857142857143,2013,sparse
187,9.197908,12.488787,U,12.784771999999998,0.824824,64.51612903225812,2013,sparse
188,9.209026,12.501689,U,72.55494400000002,8.24488,142.1491421491422,2013,complete
189,10.290102,10.182841,R,80.53720000000003,9.537300000000002,139.63771216659526,2013,complete
190,10.309479,9.841554,U,74.59753200000003,2.406372,38.4897360703812,2013,complete
191,11.751562,10.804911,R,51.897017999999996,7.283792,199.83363514223973,2013,complete
192,11.678343,10.703977,U,44.18113799999998,2.137797,110.71707953063881,2013,sparse
193,12.059581,10.569342,R,28.688928,3.375168,177.70351383796756,2013,sparse
194,11.763473,10.477321,R,29.84448,3.7305599999999997,154.3018766960975,2013,sparse
195,11.983541,10.407938,R,36.08461400000001,1.524702,52.090319695953454,2013,sparse
196,11.956674,10.604022,R,24.8704,1.8652799999999998,135.0877192982456,2013,sparse
197,10.968064,9.636477,R,137.07707999999994,19.58244,163.07875190892685,2013,complete
198,11.832362,9.91577,R,51.25308100000001,8.425163999999999,216.31728763481595,2013,complete
199,11.699141,9.917582,R,32.143959,3.919995,168.76187521811613,2013,sparse
200,11.581208,10.479093,R,81.473405,10.027496,142.40204701743176,2013,complete
201,11.757711,10.138579,R,92.637511,24.111133,353.4126263044101,2013,complete
202,11.548358,10.416481,R,60.15120799999999,12.234144,240.03706075731978,2013,complete
203,11.30205,10.485236,U,49.798899000000006,4.882245,110.077519379845,2013,sparse
204,11.197857,9.437789,R,52.969308,6.3058700000000005,149.98752961715934,2013,complete
205,10.961217,9.556173,R,70.51748599999999,10.482329,203.29595637416364,2013,complete
206,11.506738,9.980843,R,48.95313200000002,9.23644,205.74099768519315,2013,sparse
207,9.760583,9.748821,R,65.27152800000002,8.288448,160.03024853013792,2013,complete
208,9.789782,9.88201,R,40.10706300000001,0.0,0.0,2013,sparse
209,10.366122,8.995874,R,111.7976,18.16711,224.82776070664835,2013,complete
210,10.222214,9.404448,R,48.564114,4.26001,103.23476032881396,2013,sparse
211,11.241135,9.656046,R,43.3964,6.943424,239.2793222765779,2013,sparse
212,12.398033,10.604755,R,73.815336,9.226917,208.1444443378856,2013,complete
215,11.224195,13.093622,R,80.81091900000001,2.992997,62.5,2013,complete
216,11.070602,13.702637,U,50.16693,3.04042,70.51282051282048,2013,complete
217,11.739757,13.932452,R,15.543824999999998,0.0,0.0,2013,sparse
218,12.020549,13.922665,R,12.568797,1.478682,125.0,2013,sparse
219,10.993712,13.36339,R,47.687516,4.436048,103.21257689678754,2013,sparse
220,13.686235,13.340167,U,75.61185200000001,0.0,0.0,2013,complete
221,11.868676,13.128481,U,48.162188,2.534852,63.765182186234725,2013,sparse
222,11.836515,13.093503,U,35.21685000000001,0.0,0.0,2013,sparse
223,11.799833,13.201102,U,23.918472000000005,0.0,0.0,2013,sparse
224,11.814736,13.088704,U,182.336067,17.876085,117.53239307418872,2013,complete
225,11.815325,13.08667,U,62.89924,4.717443,91.30434782608698,2013,complete
226,11.620111,13.476149,R,53.23257600000001,8.872096,185.4166666666668,2013,complete
228,13.248662,13.595897,R,61.56927499999998,2.676925,43.47826086956519,2013,complete
229,12.893545,13.544444,R,38.344684,0.0,0.0,2013,sparse
230,12.671908,13.641359,U,69.802971,2.406999,47.61904761904767,2013,complete
231,12.013625,12.521109,R,42.610420000000005,0.0,0.0,2013,sparse
232,13.061237,12.835665,R,71.46965900000002,0.0,0.0,2013,complete
233,12.591034,13.681498,R,45.396287999999984,0.0,0.0,2013,sparse
235,12.340613,13.051287,R,53.556282,0.0,0.0,2013,complete
236,10.288468,11.966789,R,47.025753999999985,3.066897,102.56410256410253,2013,sparse
237,10.175021,11.195507,R,18.038294999999998,3.607659,239.9347238056916,2013,sparse
238,9.981602,11.48633,R,56.060952,6.433224,141.04470715852514,2013,complete
239,9.983329,10.932461,R,33.95249999999999,0.62875,18.51851851851849,2013,sparse
240,10.253741,11.181175,U,107.65326,11.41777,143.36036304121424,2013,complete
241,10.269099,11.205159,U,10.76284,0.269071,30.303030303030276,2013,sparse
242,10.319448,11.178826,U,25.982769,2.808948,134.3767236624379,2013,sparse
243,9.854514,11.681513,R,17.545572000000003,2.126736,154.54857545153357,2013,sparse
244,9.611484,11.431804,R,19.140624,2.791341,153.78615995462297,2013,sparse
245,9.730782,11.704651,R,12.842732000000002,0.917338,71.4285714285714,2013,sparse
246,9.843371,11.176967,R,6.011955,1.33599,254.62962962962953,2013,sparse
247,9.87285,11.230351,U,17.322580000000006,0.393695,58.82352941176472,2013,sparse
248,10.985413,10.86431,R,28.647694000000005,1.548524,75.9312039312039,2013,sparse
249,10.967246,10.909505,R,21.428389999999993,2.586185,147.54678964067526,2013,sparse
250,11.00044,11.381061,R,17.073058000000003,1.845736,121.6216216216216,2013,sparse
251,10.886514,11.515195,R,40.20302999999999,11.486580000000002,353.02374342892483,2013,sparse
252,10.366173,11.27973,R,33.21109999999999,2.5546999999999995,98.77913429522755,2013,sparse
253,10.454373,11.064833,R,27.381941999999995,2.6078040000000002,103.69504006930919,2013,sparse
254,11.083918,11.15569,R,18.464292,2.3446719999999996,162.47004702776812,2013,sparse
255,11.093939,11.348004,U,15.303247000000004,0.325601,21.276595744680883,2013,sparse
256,9.55851,11.103898,R,11.483172000000003,0.310356,27.027027027026975,2013,sparse
257,9.658315,11.012426,R,23.727618,2.4976439999999998,122.8070175438597,2013,sparse
258,10.276727,11.336544,R,19.333403999999994,3.58026,300.4919813430452,2013,sparse
259,10.323127,11.358394,R,13.270823999999996,0.947916,71.4285714285714,2013,sparse
260,8.794115,11.413155,R,21.837162999999997,1.523523,70.34883720930229,2013,sparse
261,8.434089,11.03312,R,50.044646,7.439068999999999,200.55572229485276,2013,complete
262,7.945567,10.657741,R,67.503855,9.529955999999999,170.13289590534907,2013,complete
263,7.986488,10.993955,R,18.335887999999997,1.5806799999999999,91.13300492610843,2013,sparse
264,7.761047,9.989088,R,48.633939000000005,3.412908,72.19973009446711,2013,sparse
265,8.638174,10.784069,R,20.674611000000006,1.170261,86.5322055953156,2013,sparse
266,8.315398,9.686685,R,42.795576,7.726979,219.0423728360701,2013,sparse
267,8.921687,11.329061,U,12.20355,0.677975,66.66666666666666,2013,sparse
268,9.544495,10.915399,R,37.619309999999984,1.85013,60.01342153197198,2013,sparse
269,9.345818,11.004246,R,16.06899,0.918228,60.95238095238098,2013,sparse
270,9.552619,11.22221,R,28.703310000000002,3.3279199999999998,140.67917620137305,2013,sparse
271,8.843252,10.805917,R,70.62801999999996,5.10564,82.51274213157545,2013,complete
272,9.141315,11.62035,R,18.09696,3.01616,190.29980456234784,2013,sparse
273,6.861601,11.538456,R,61.492464000000005,7.453632000000001,170.35388853570677,2013,complete
274,6.660882,11.28604,R,20.596680000000003,1.98045,99.43714821763594,2013,sparse
275,6.81347,11.054064,R,36.969946,2.705118,73.81258023106551,2013,sparse
276,6.71679,11.256647,U,31.135039999999996,0.0,0.0,2013,sparse
277,6.931538,9.83443,R,28.334262000000006,4.29307,170.44845398503938,2013,sparse
278,7.273802,9.99631,U,38.11833999999998,4.39827,119.85688729874778,2013,sparse
279,8.098074,10.063674,U,20.178445000000004,1.235415,71.4285714285715,2013,sparse
280,8.713817,11.628378,R,21.30736499999999,1.420491,66.66666666666676,2013,sparse
281,9.044897,11.565836,R,11.372191999999998,0.437392,38.46153846153844,2013,sparse
282,8.966162,11.813599,R,41.709669,3.051927,77.60532150776056,2013,sparse
283,12.372258,11.041292,U,41.44942999999998,0.753626,21.739130434782595,2013,sparse
284,12.97417,11.407463,R,31.833824000000003,2.893984,95.856524427953,2013,sparse
285,12.8937,11.037993,U,19.131833999999998,2.887824,188.42097405020098,2013,sparse
286,11.252385,11.258013,R,34.34705000000001,2.9867,97.45127436281852,2013,sparse
287,11.939913,11.309748,R,18.880320000000008,1.888032,109.03292181069946,2013,sparse
288,11.618485,11.71827,R,26.642210000000006,4.186633,194.09665602036264,2013,sparse
289,11.674963,11.783269,R,31.001082,1.476242,84.17508417508412,2013,sparse
290,11.253473,12.000851,U,10.084864,0.315152,35.7142857142857,2013,sparse
293,11.296802,12.085253,R,11.431816000000001,2.078512,218.36677254633918,2013,sparse
294,11.281639,12.001289,U,11.820440000000001,1.2168100000000002,167.06730769230782,2013,sparse
295,10.63407,11.523789,R,145.195572,14.946603,138.57704795204805,2013,complete
296,12.576797,10.736177,R,18.575205,0.0,0.0,2013,sparse
297,12.305159,11.027579,R,105.103168,8.211185,102.09882723112129,2013,complete
298,12.915838,10.533975,R,45.070423999999996,3.219316,117.672748447205,2013,sparse
299,12.896711,10.878495,R,39.144548,3.37453,132.87491151784803,2013,sparse
300,12.852533,10.29929,R,36.491454,5.662467,225.64495530012775,2013,sparse
301,12.882061,10.450164,U,40.538411999999994,2.252134,55.55555555555558,2013,sparse
302,0.0,0.0,R,74.64208,14.928416,240.54549054549068,2013,complete
303,13.131656,10.499435,R,90.835743,12.467651,164.514363885089,2013,complete
304,13.018633,11.13245,R,49.49251300000001,4.669105,121.12111928104585,2013,sparse
305,12.865944,10.440329,U,56.21638500000001,0.0,0.0,2013,complete
306,12.40765,10.022382,R,41.61075,5.5481,232.62778366914105,2013,sparse
307,12.437299,8.840592,R,110.68936900000001,9.380455,130.05637176520744,2013,complete
308,11.821891,9.194912,R,35.85191399999999,3.9835459999999996,154.04354171386402,2013,sparse
309,11.716197,9.349688,U,56.092575000000025,9.178785,185.2199363568182,2013,complete
310,12.451743,9.410819,R,52.177829999999986,7.95933,189.55154400269757,2013,complete
311,11.229242,10.010556,R,74.66955,2.986782,51.61290322580647,2013,complete
312,11.285948,9.745697,R,75.26112,7.0557300000000005,122.56659836065576,2013,complete
313,11.188404,9.910356,R,57.149105000000006,6.469709999999999,172.4594505130751,2013,complete
314,11.273161,9.881827,R,81.349515,11.263779,190.24017626888434,2013,complete
315,11.996166,9.606444,R,43.18461200000001,4.07402,106.39412997903564,2013,sparse
316,12.132437,9.510924,R,70.526813,8.421112,134.188551421935,2013,complete
317,12.154372,9.53779,R,46.976325,3.41646,72.72727272727275,2013,sparse
318,12.047519,10.115631,R,49.52265499999999,6.095096,125.3369272237197,2013,sparse
319,12.381583,9.68919,R,49.50973799999998,5.501082,156.84380032206124,2013,sparse
320,12.435943,9.691287,R,53.01402,9.719237,199.95405364744911,2013,complete
321,12.703233,9.462572,R,26.26866,5.253732,269.7975032959791,2013,sparse
322,12.650522,9.673162,R,37.44970000000001,5.242958,166.21848739495792,2013,sparse
323,12.275602,9.563036,R,43.9776,7.558650000000001,179.6875,2013,sparse
324,12.289479,9.124988,R,88.350048,14.725007999999999,288.7481481481482,2013,complete
325,12.129783,9.193145,R,95.43071999999998,22.366574999999997,263.01351351351366,2013,complete
326,12.151769,9.162168,U,71.02830599999997,1.315339,18.51851851851849,2013,complete
327,12.685392,9.131363,R,88.37883400000001,13.713957,169.32085733399362,2013,complete
328,12.621882,9.168567,R,92.60999999999999,20.58,278.52560263713224,2013,complete
329,12.220799,9.328689,R,152.69251499999993,22.12935,161.3443686653405,2013,complete
330,10.623654,6.444471,R,100.673832,2.396996,23.809523809523835,2013,complete
331,10.44405,7.498599,U,38.011115999999994,0.0,0.0,2013,sparse
332,10.44189,7.455392,U,42.48222,0.0,0.0,2013,sparse
333,10.418755,7.419452,U,82.810625,3.312425,40.000000000000036,2013,complete
334,10.445128,7.491027,U,58.506395999999995,0.0,0.0,2013,complete
335,10.484925,7.391393,U,50.020272,0.0,0.0,2013,complete
336,11.338493,7.55371,R,76.25065,0.0,0.0,2013,complete
337,10.815515,7.263128,R,90.88908400000003,4.131322,49.1400491400491,2013,complete
338,9.356379,8.014384,R,22.079748000000002,5.810459999999999,278.19548872180457,2013,sparse
339,9.483828,7.702943,R,61.840876,6.3973320000000005,107.30550800249993,2013,complete
340,9.722689,8.55015,R,101.00608,3.15644,31.25,2013,complete
341,10.432694,8.235796,R,64.049574,4.342344,71.04219257122236,2013,complete
342,11.007295,8.349324,R,65.486076,4.568796,69.76744186046513,2013,complete
343,10.906941,8.331786,R,101.37850599999999,5.7384059999999995,62.409288824383125,2013,complete
344,10.699553,8.26384,R,62.497512,0.0,0.0,2013,complete
345,10.673465,8.39896,R,38.95980799999998,6.283840000000001,189.1987209630398,2013,sparse
346,10.503556,8.499361,R,21.071267999999996,2.341252,151.86879652605444,2013,sparse
347,11.168586,7.643307,U,43.668035999999994,0.0,0.0,2013,sparse
348,11.125437,7.725949,U,53.994248,4.908568,115.83508403361343,2013,complete
349,11.101735,7.740863,U,30.89196,0.0,0.0,2013,sparse
350,9.233964,8.471399,U,49.341330000000006,3.289422,66.66666666666666,2013,sparse
351,10.734599,7.944545,U,56.92251599999999,2.710596,51.70068027210883,2013,complete
352,10.983385,8.059852,U,54.919039999999995,1.372976,45.45454545454541,2013,complete
353,9.794228,8.377102,R,71.54183999999997,3.76536,52.631578947368475,2013,complete
354,12.017735,9.080181,R,82.77499200000001,3.448958,65.34090909090907,2013,complete
355,11.696226,9.02011,R,42.205324,5.093746,123.37164750957864,2013,sparse
356,12.223344,8.314229,R,54.80074800000001,4.5667290000000005,94.11764705882364,2013,complete
357,11.667279,8.54702,R,139.24218300000004,18.880296,144.22098137075656,2013,complete
358,11.695639,8.744656,R,75.69435000000001,19.576125,311.2491747831827,2013,complete
359,12.01488,8.513587,U,27.77389999999999,1.98385,81.63265306122457,2013,sparse
360,12.01451,8.512272,U,39.26542,1.963271,71.4285714285714,2013,sparse
361,12.009676,8.50709,U,110.03451999999999,5.501726,50.00000000000004,2013,complete
362,11.991008,8.517213,U,38.12296500000001,1.694354,65.8482142857143,2013,sparse
363,12.003591,8.500859,U,84.42796799999999,10.553495999999999,131.578947368421,2013,complete
364,12.041285,8.480418,U,64.155712,6.0145979999999994,114.28571428571443,2013,complete
365,12.018982,8.478022,U,136.36589999999998,6.198449999999999,65.0418660287081,2013,complete
366,12.024446,8.4763,U,87.26656,0.0,0.0,2013,complete
367,12.034079,8.490413,U,47.044908,3.084912,72.95081967213125,2013,sparse
368,12.044326,8.481749,U,25.41530999999999,1.694354,92.10526315789468,2013,sparse
369,12.043715,8.458999,U,41.761427000000026,5.331246,145.35049392097267,2013,sparse
370,12.063358,8.466413,U,126.30240999999998,3.886228,30.76923076923077,2013,complete
371,12.313474,8.68216,R,86.044294,8.78003,144.5407594475917,2013,complete
372,11.804794,8.626042,R,69.97275999999998,6.36116,100.77045371163018,2013,complete
373,0.0,0.0,R,85.704339,3.234126,50.64935064935061,2013,complete
374,12.148555,8.366465,R,57.89526600000001,7.017608,136.95815258162358,2013,complete
375,12.16436,8.347024,R,65.29746000000002,2.8390199999999997,59.3297101449276,2013,complete
376,11.584735,8.805892,R,32.04327,3.05174,146.83870967741942,2013,sparse
377,11.641014,8.442278,R,77.81227099999998,15.307331999999999,253.42204300399075,2013,complete
378,11.843932,8.126764,U,108.01002999999999,9.67254,95.85332018518844,2013,complete
379,11.469011,8.175741,R,23.932229,3.2450479999999997,167.57791142700938,2013,sparse
380,11.775269,8.291301,U,87.47276999999997,11.132898,283.4518019703205,2013,complete
381,12.535471,8.54422,R,56.55484800000002,7.181568,164.7271655252237,2013,complete
382,12.361703,8.526974,R,54.498416,4.86593,100.4464285714285,2013,complete
383,12.114252,8.574154,R,135.545886,16.73406,147.6480857962339,2013,complete
384,11.510062,8.551981,R,48.38518800000001,7.168176,180.50770103679713,2013,sparse
385,11.917842,8.346024,R,107.26782000000001,17.877969999999998,216.13560276636724,2013,complete
386,11.95586,8.255284,R,35.407966999999985,3.013444,94.04379020287001,2013,sparse
387,11.253998,8.82816,R,200.83912799999996,34.928544,208.34434078132026,2013,complete
388,12.020378,8.343881,R,48.111192,3.376224,83.42284282133905,2013,sparse
389,12.276555,7.974254,R,74.268225,4.9512149999999995,83.32396627860305,2013,complete
390,11.911325,8.656568,R,100.41963300000002,8.732142,131.06773823191753,2013,complete
391,11.844856,8.810067,R,120.066894,13.340765999999999,139.11357078662311,2013,complete
392,11.906208,8.774534,R,93.24341100000001,11.495763,175.65043098391396,2013,complete
393,11.821864,8.842139,U,32.315531,3.048635,101.68447904296963,2013,sparse
394,12.951611,7.742993,R,31.75396,3.8882399999999997,241.39352710781282,2013,sparse
395,12.753208,7.243292,U,45.142377,4.606365,123.75326070277737,2013,sparse
396,12.958274,8.127232,R,80.62839600000004,10.403664,176.17301346963433,2013,complete
397,11.406623,7.348553,R,88.50941,3.218524,58.928571428571445,2013,complete
398,11.517294,7.313149,U,68.734435,1.249717,30.303030303030276,2013,complete
399,12.647073,7.986786,R,78.53565600000005,9.955224,160.2342495429746,2013,complete
400,13.088227,7.233168,U,60.93656100000001,0.967247,25.64102564102566,2013,complete
401,11.882149,7.591345,R,46.351179000000016,6.6215969999999995,195.30874097834817,2013,sparse
402,13.017,7.623862,U,81.596833,5.350612,68.68485098957622,2013,complete
403,12.569685,7.523132,R,82.781856,3.449244,71.61125319693096,2013,complete
404,11.785781,7.589403,R,57.297592000000016,2.604436,45.45454545454541,2013,complete
405,11.919216,7.81348,R,77.84455799999998,5.64091,120.57716035905608,2013,complete
406,12.904235,7.979998,R,78.59100200000002,4.811694,63.122923588039946,2013,complete
407,13.097233,7.93437,R,92.558744,16.333896000000003,220.81398137223874,2013,complete
408,13.299992,8.018677,R,86.73436799999995,6.88368,90.1338361843318,2013,complete
409,13.2681,7.919713,R,86.997078,17.184608000000004,347.42291693391314,2013,complete
410,12.319748,7.554294,R,108.45011100000006,13.712083,165.77884282224875,2013,complete
411,12.177515,7.819181,R,81.44517200000001,11.788117,195.18403280457875,2013,complete
412,11.577281,7.078838,R,83.807332,5.779816,73.10344827586202,2013,complete
413,11.176362,7.12124,U,30.610097999999994,3.00099,106.85404982392077,2013,sparse
414,12.384026,7.378544,R,95.47612200000003,6.061976,69.10919540229887,2013,complete
415,12.367459,7.28939,R,60.146200000000015,4.811696,163.7333333333334,2013,complete
416,12.4446,7.306179,R,49.71145600000001,2.813856,91.54437456324249,2013,sparse
417,12.434543,7.447973,R,48.53901599999999,2.813856,74.40828851821468,2013,sparse
418,12.273167,4.418655,R,32.196612,6.6613679999999995,267.5642513071887,2013,sparse
419,12.564424,4.29732,R,99.00349,8.02731,86.6728797763282,2013,complete
420,12.763274,4.549637,U,7.410703999999999,0.0,0.0,2013,sparse
421,12.895342,4.687789,R,81.57027300000001,9.677829,136.0821382007823,2013,complete
422,0.0,0.0,R,23.775605999999993,2.584305,153.0797101449275,2013,sparse
423,12.466384,4.192451,U,57.509060000000005,5.34968,94.90886235072283,2013,complete
424,12.072473,4.073512,R,114.02833,26.31423,283.6012509910073,2013,complete
425,11.732453,3.725743,R,33.908381999999996,5.023464,158.2602339181287,2013,sparse
426,12.507371,4.633051,U,64.428861,5.053244,92.48411847207328,2013,complete
427,11.916628,4.446005,R,56.52639,2.09357,37.03703703703709,2013,complete
428,12.308504,4.336993,R,108.86568,7.77612,150.15947624643277,2013,complete
429,11.452769,4.436203,R,34.00026,2.266684,91.75212490761275,2013,sparse
430,10.548931,4.635241,R,48.7458,14.217524999999998,352.48384091301,2013,sparse
431,11.088202,5.438432,R,28.35042,2.430036,85.71428571428574,2013,sparse
432,11.279833,5.450857,R,40.51881799999999,3.058024,75.47169811320754,2013,sparse
433,11.248424,4.630012,R,32.517599999999995,5.1008,163.26530612244906,2013,sparse
434,11.360307,4.554957,R,54.51940800000001,7.57214,182.41188419481935,2013,complete
435,11.969459,4.158634,R,51.167820000000006,6.822376,167.64408493427706,2013,complete
436,11.732542,4.095202,R,41.28575000000001,5.25455,201.92251806517191,2013,sparse
437,11.667504,4.044361,R,63.71736,7.964670000000001,125.0,2013,complete
438,11.419111,6.016153,R,58.669215,8.533704,164.15867014580533,2013,complete
439,11.393255,5.288657,R,66.109296,7.51242,130.3363781354212,2013,complete
440,11.42596,5.247221,U,47.93409100000001,3.092522,64.51612903225801,2013,sparse
441,13.250345,4.940612,R,26.91535600000001,1.552809,65.98837209302333,2013,sparse
442,12.875227,5.089259,R,76.89637200000003,12.439119000000002,204.05874252731394,2013,complete
443,12.953346,5.423015,R,36.37905,5.0930670000000005,242.68541335453108,2013,sparse
444,13.73572,5.760184,R,75.4832,9.29024,182.99739476210075,2013,complete
445,13.767678,5.598808,R,71.96006999999999,11.07078,185.75077432220277,2013,complete
446,13.289202,5.344613,R,18.47222199999999,4.323286,333.39478742435216,2013,sparse
447,13.738739,5.289667,U,50.072343999999994,8.94149,205.00632685506636,2013,complete
448,13.227335,6.516129,R,98.55135800000001,6.681448,83.95989974937335,2013,complete
449,12.328103,5.131472,R,19.495199999999997,1.6246,152.29873374106307,2013,sparse
450,12.55602,4.899131,R,53.93729799999998,6.189525999999999,139.24662693062317,2013,complete
451,13.05799,4.835018,R,56.629755,8.71227,208.6983983758177,2013,complete
452,13.076206,5.234048,U,43.168775000000004,4.0157,131.94444444444454,2013,sparse
453,13.068096,5.254032,U,29.861519999999995,3.5131200000000002,159.18721430716366,2013,sparse
454,13.05763,5.238103,U,46.27953200000001,3.559964,85.94491927825266,2013,sparse
455,13.062413,5.264988,U,27.602795999999998,1.871376,93.1134524354863,2013,sparse
456,12.36209,4.818673,R,46.452017000000005,3.1816450000000005,92.92854498333946,2013,sparse
457,12.431023,4.807838,R,33.492032,2.093252,73.70768229166657,2013,sparse
458,13.60666,5.098848,R,95.55917000000004,24.572358,335.5329396701203,2013,complete
459,13.271874,4.954301,R,37.03225,3.7032249999999998,118.91375291375294,2013,sparse
460,13.065209,5.172954,R,38.02137399999999,5.305308,189.5701198026779,2013,sparse
461,13.194602,5.449222,R,56.243647,5.5321620000000005,133.06829894196582,2013,complete
462,13.222969,5.51283,R,32.028885,0.711753,22.222222222222253,2013,sparse
463,13.241712,5.415384,R,34.875897,2.847012,94.02104591836735,2013,sparse
464,12.673017,5.001641,R,45.09828299999998,8.50911,220.95278674111884,2013,sparse
465,12.142818,5.736969,R,43.765344,8.366904,232.8359819572703,2013,sparse
466,12.324848,6.821461,R,66.40310600000001,13.798048,281.9159791787977,2013,complete
467,12.512896,6.892832,R,80.94193200000001,12.677652,211.60242136631024,2013,complete
468,12.559608,6.964741,R,59.50658700000002,9.44549,192.26989835035113,2013,complete
469,12.214337,5.67388,R,65.978149,12.979308,239.07936537863296,2013,complete
470,12.034888,6.504733,R,54.59912999999999,8.08876,183.53430950330184,2013,complete
471,12.3651,6.527768,U,64.8263,7.366625,114.8325358851674,2013,complete
472,11.635978,6.673795,R,73.65421699999999,12.140804999999999,184.75224434605764,2013,complete
473,12.147552,6.713368,U,18.99609599999999,1.5402239999999998,81.87599364069953,2013,sparse
474,12.485872,6.583792,R,73.09435800000003,12.353976,188.55411962394152,2013,complete
475,12.544155,6.659695,R,60.91273999999999,11.312366,218.76063762856214,2013,complete
476,12.59499,6.601912,U,122.72942499999999,9.440725,98.62808344948127,2013,complete
477,11.12339,6.135203,R,75.06948399999997,17.663408,294.50787685318505,2013,complete
478,11.508538,6.53569,R,104.70612,10.470612,122.35827664399102,2013,complete
479,11.558985,6.011189,R,56.80487999999998,5.16408,105.64683578586265,2013,complete
480,11.650689,6.281018,R,57.95908900000001,12.351937,257.494065777471,2013,complete
481,13.058108,6.404704,R,20.445348,2.478224,132.48615184099054,2013,sparse
482,12.569394,6.066145,U,37.63451300000002,2.034298,71.25307125307113,2013,sparse
483,12.942229,6.828051,R,47.335768,10.597560000000001,250.89684330529627,2013,sparse
484,12.775727,6.525276,R,178.76720400000005,35.211722,255.64689390405937,2013,complete
485,12.665355,6.793773,R,26.818416000000003,5.58717,318.3827605321509,2013,sparse
486,12.704106,6.838978,R,109.52345199999999,11.274472999999997,145.23086465393732,2013,complete
487,12.778623,6.807142,R,117.07199999999997,20.292479999999998,210.310062446893,2013,complete
488,5.085017,7.370816,U,10.99072,0.84544,86.53846153846156,2013,sparse
489,5.100968,7.347212,U,10.58706,0.0,0.0,2013,sparse
490,5.082277,7.369537,U,7.609619999999999,1.141443,185.71428571428584,2013,sparse
491,5.124671,7.358141,U,3.740363,0.0,0.0,2013,sparse
492,5.502465,7.890522,R,7.7088480000000015,1.101264,226.19047619047618,2013,sparse
493,5.437981,7.884078,R,16.406774000000002,1.426676,93.82151029748276,2013,sparse
494,5.62492,7.590855,R,6.413498,0.458107,71.4285714285714,2013,sparse
495,5.525665,7.618499,R,16.115567,1.559571,165.32258064516125,2013,sparse
496,5.836603,7.561155,R,27.222047999999994,3.024672,114.33172302737515,2013,sparse
497,5.634796,7.553911,R,10.252032,1.281504,134.2592592592593,2013,sparse
498,5.413404,7.423153,R,18.802874999999997,0.537225,33.33333333333333,2013,sparse
499,5.385009,7.32969,R,8.578119999999998,0.0,0.0,2013,sparse
500,5.272074,7.302021,R,23.657300999999997,2.447307,104.7745358090184,2013,sparse
501,5.317823,7.459297,R,13.013152,1.626644,131.0344827586206,2013,sparse
502,5.717542,7.471874,R,4.22413,0.0,0.0,2013,sparse
503,5.162668,7.393923,R,17.650968,2.206371,144.44444444444437,2013,sparse
504,5.737478,7.768628,R,8.233992,0.0,0.0,2013,sparse
505,5.646947,7.836451,U,21.958199999999994,3.29373,150.00000000000003,2013,sparse
506,5.563079,7.847086,R,3.427905000000001,0.263685,83.33333333333326,2013,sparse
507,4.892007,7.356866,R,45.25788599999999,6.704872,153.43915343915347,2013,sparse
508,5.533006,7.491078,U,22.397884,0.0,0.0,2013,sparse
509,5.46757,7.515657,R,7.470393,0.355733,50.00000000000004,2013,sparse
510,5.45143,7.492928,R,13.8736,0.0,0.0,2013,sparse
511,5.953987,7.083569,R,12.652366000000002,0.0,0.0,2013,sparse
512,6.011438,7.086194,U,12.182327999999998,0.0,0.0,2013,sparse
513,6.33458,6.841394,R,19.772558999999994,7.323169999999999,395.809951365507,2013,sparse
514,0.0,0.0,U,30.73714800000001,4.728792,157.26495726495727,2013,sparse
515,6.092781,7.047625,U,8.84564,0.46556,55.55555555555558,2013,sparse
516,6.183648,7.056912,U,64.036512,4.002282,92.1052631578948,2013,complete
517,6.604132,6.997036,U,13.18221,1.46469,134.87819370172295,2013,sparse
518,6.195095,6.943833,U,19.541288000000005,1.503176,145.29914529914535,2013,sparse
519,6.028659,6.831817,U,10.136329,0.0,0.0,2013,sparse
520,6.119628,6.922108,R,7.313687999999998,0.0,0.0,2013,sparse
521,6.140305,6.943878,U,5.356323000000001,0.0,0.0,2013,sparse
522,6.14198,6.84193,U,68.48979,0.0,0.0,2013,complete
523,6.125348,6.793297,U,32.37158,1.40746,43.47826086956519,2013,sparse
524,6.028328,6.962906,U,12.71313,1.41257,111.11111111111116,2013,sparse
525,5.86364,6.840765,U,15.320649999999999,1.8384779999999998,150.76923076923066,2013,sparse
526,5.796734,6.868079,U,21.181964999999998,4.8415919999999995,239.53268263827266,2013,sparse
527,6.027987,6.94424,U,21.61233700000001,0.0,0.0,2013,sparse
528,5.992658,6.740741,R,60.91151300000001,6.301191,103.44827586206895,2013,complete
529,6.113286,6.785989,U,57.43434000000001,3.828956,81.66666666666667,2013,complete
530,6.149953,6.797823,U,140.188096,8.761756,62.5,2013,complete
531,6.086284,7.071176,U,5.046990000000001,0.0,0.0,2013,sparse
532,6.028783,7.093512,U,11.078746000000002,0.0,0.0,2013,sparse
533,5.963952,7.233974,U,6.848973999999999,0.622634,90.90909090909093,2013,sparse
534,6.224442,8.367934,U,40.203744,7.17924,213.98865784499054,2013,sparse
535,6.223327,8.173345,U,40.69940399999998,5.251536,130.22700119474328,2013,sparse
536,5.881247,7.926277,U,34.710432000000004,0.0,0.0,2013,sparse
537,5.92299,7.88038,U,45.85022999999998,0.0,0.0,2013,sparse
538,6.334288,8.079278,R,30.074886,0.0,0.0,2013,sparse
539,6.166097,7.953141,R,15.582270000000005,1.35498,93.82151029748276,2013,sparse
540,6.123768,8.097767,U,12.83296,3.20824,281.8080357142857,2013,sparse
541,6.224314,8.322529,U,39.04114200000001,0.0,0.0,2013,sparse
542,6.113871,8.219959,U,24.3638,1.949104,79.99999999999996,2013,sparse
543,6.627755,7.831058,R,17.942891000000007,7.274145000000002,453.5353642496499,2013,sparse
544,6.442368,7.78912,R,23.957925,3.833268,200.7239819004525,2013,sparse
545,6.396613,7.917805,U,31.392200000000006,2.69076,94.23909423909416,2013,sparse
546,6.204235,7.848501,U,43.090968000000004,8.977285,242.47685185185196,2013,sparse
547,5.92388,7.726977,U,43.168716,8.393917,244.21705163043472,2013,sparse
548,5.961636,7.557885,U,50.342168,8.883912,216.67199488491062,2013,complete
549,6.387544,8.386034,U,56.67799899999999,1.318093,23.255813953488413,2013,complete
550,6.049313,7.751943,U,6.772185000000002,0.64497,95.23809523809523,2013,sparse
551,6.011558,7.79328,U,26.549160000000008,3.539888,151.09090909090895,2013,sparse
552,6.401897,7.934859,U,88.669686,10.555914999999999,129.3511556669452,2013,complete
553,6.629645,8.010709,U,25.702819999999996,2.9657099999999996,117.05685618729089,2013,sparse
554,6.376401,7.958686,U,23.898104999999997,3.6209249999999997,161.25541125541122,2013,sparse
555,6.224367,7.740757,U,23.215452,2.678706,184.27579365079362,2013,sparse
556,6.075453,7.835072,U,3.012464,0.860704,312.5,2013,sparse
557,0.0,0.0,U,38.388936,1.599539,62.5,2013,sparse
558,6.151128,7.418385,R,27.880644000000004,2.534604,132.2314049586777,2013,sparse
559,6.222609,7.426635,R,9.010624,0.0,0.0,2013,sparse
560,6.477779,7.509966,U,16.438144,2.054768,156.25,2013,sparse
561,6.471128,7.571541,U,41.147276,2.420428,64.07563025210084,2013,sparse
562,6.456492,7.539912,U,5.60889,0.0,0.0,2013,sparse
563,6.435024,7.518791,U,5.059665,1.011933,200.00000000000006,2013,sparse
564,6.384846,7.474166,U,24.753744,2.062812,100.52910052910057,2013,sparse
565,6.464136,7.190254,R,55.289244000000004,7.134096,152.8364849833147,2013,complete
566,6.61256,7.412998,U,12.222629999999997,1.26441,138.00705467372143,2013,sparse
567,6.706788,7.391684,U,14.72023,2.56004,178.743961352657,2013,sparse
568,6.654585,7.425133,U,7.887792,0.358536,45.45454545454541,2013,sparse
569,0.0,0.0,R,17.513888,1.250992,71.4285714285714,2013,sparse
570,7.023375,7.448162,U,77.58573,5.35074,68.96551724137923,2013,complete
571,6.89424,7.444949,U,11.953677999999995,0.543349,45.45454545454541,2013,sparse
572,6.753528,7.769925,U,22.945362,0.695314,34.482758620689616,2013,sparse
573,6.36022,7.681869,R,7.455942,1.177254,222.67206477732782,2013,sparse
574,6.338483,7.479266,U,47.658581999999996,5.606892,136.06981254040085,2013,sparse
575,6.849062,7.378249,R,28.239130000000003,1.48627,58.82352941176472,2013,sparse
576,6.781007,7.426636,U,10.442675,0.0,0.0,2013,sparse
577,6.152352,7.36851,U,11.121212999999996,0.483531,83.33333333333337,2013,sparse
578,6.936139,7.556368,U,12.753739999999999,1.913061,150.00000000000003,2013,sparse
579,6.601337,7.333683,U,27.323083,0.0,0.0,2013,sparse
580,6.530635,7.111675,R,24.946432,2.6728319999999997,117.89772727272718,2013,sparse
581,5.441854,7.257946,U,17.457214999999998,1.026895,58.82352941176472,2013,sparse
582,5.491979,7.227432,U,19.56274,0.978137,55.55555555555558,2013,sparse
583,5.600442,7.255178,U,1.583432,0.0,0.0,2013,sparse
584,5.652176,7.295176,R,7.70865,0.0,0.0,2013,sparse
585,5.88853,7.08011,R,11.74003,1.38118,176.47058823529414,2013,sparse
586,5.817813,7.168341,R,8.37549,1.675098,228.57142857142853,2013,sparse
587,5.529132,7.12154,U,11.422208,1.427776,166.66666666666663,2013,sparse
588,5.606702,7.15032,U,37.151658,1.812276,70.80745341614903,2013,sparse
589,5.612769,6.945487,R,23.734586,4.09217,189.2426992245504,2013,sparse
590,5.569454,7.30204,R,11.544182999999995,0.501921,90.90909090909093,2013,sparse
591,5.528416,7.374866,R,16.986076,0.0,0.0,2013,sparse
592,5.378015,6.793277,R,23.05255,2.766306,168.88888888888886,2013,sparse
593,5.609557,6.774939,U,67.553185,9.650455000000001,155.58771585557295,2013,complete
594,5.804532,7.289973,R,11.343009999999998,0.810215,71.4285714285714,2013,sparse
595,5.757782,7.173965,U,3.9226800000000006,0.0,0.0,2013,sparse
596,5.821662,7.029831,R,27.350474999999992,0.0,0.0,2013,sparse
597,5.812998,6.951023,R,11.219079999999998,0.0,0.0,2013,sparse
598,5.770023,6.959956,R,9.338024999999998,0.98295,105.26315789473684,2013,sparse
599,5.75003,6.921899,U,58.931402999999996,3.802026,65.62847608453825,2013,complete
600,5.755592,6.885817,U,23.671899999999994,0.845425,45.45454545454541,2013,sparse
601,5.502847,7.013101,U,39.039028,8.365506,214.2857142857143,2013,sparse
602,5.406518,7.12948,R,12.566707999999997,1.713642,165.25579683474422,2013,sparse
603,5.425368,7.119244,R,78.436992,4.902312,71.61458333333326,2013,complete
604,5.447629,7.146526,U,17.981897999999997,2.452077,154.82954545454552,2013,sparse
605,5.039228,7.743902,R,20.775125,0.831005,58.82352941176472,2013,sparse
606,4.652708,7.964213,R,49.586298000000006,2.155926,43.47826086956519,2013,sparse
607,4.652164,7.935231,R,23.977859999999993,3.596679,150.00000000000003,2013,sparse
608,4.665988,7.915869,R,24.680941999999998,0.949267,38.46153846153844,2013,sparse
609,4.613304,8.036169,R,13.856414000000001,1.889511,174.66063348416293,2013,sparse
610,5.131645,7.562385,R,15.990048,0.999378,62.5,2013,sparse
611,4.859032,7.997767,R,15.349504,2.3983600000000003,172.10996240601494,2013,sparse
612,5.188465,7.844778,R,18.533928,0.0,0.0,2013,sparse
613,4.595597,7.720882,R,11.904795000000002,0.680274,58.00865800865795,2013,sparse
614,5.185092,7.71528,R,12.599549999999999,0.0,0.0,2013,sparse
615,5.310964,7.808506,R,9.32347,0.0,0.0,2013,sparse
616,5.029461,7.88952,R,19.600915,2.30599,117.64705882352943,2013,sparse
617,4.666389,8.113456,R,15.168258000000002,0.722298,50.00000000000004,2013,sparse
618,4.710534,8.273757,R,23.829897,2.906085,251.84721932689425,2013,sparse
619,4.840835,7.894641,R,16.09526,0.0,0.0,2013,sparse
620,4.933343,7.885077,R,21.954919999999998,2.53326,117.056856187291,2013,sparse
621,4.703456,8.010666,R,15.544576,0.0,0.0,2013,sparse
622,5.201542,7.598517,R,10.774804999999997,0.371545,55.55555555555558,2013,sparse
623,4.82671,8.226735,R,32.95365,3.954438,129.4545454545455,2013,sparse
624,4.922969,7.599793,R,17.920201,1.378477,90.90909090909093,2013,sparse
625,5.09602,7.966481,R,18.9383,2.272596,134.11764705882345,2013,sparse
626,4.782493,8.179391,R,25.73342999999999,2.8592699999999995,122.16216216216225,2013,sparse
627,5.015734,7.922837,R,20.387320000000006,0.0,0.0,2013,sparse
628,5.03532,7.964703,U,17.330232,1.444186,125.0,2013,sparse
629,4.290337,6.094226,R,1.2242370000000002,0.291485,308.0993080993081,2013,sparse
630,4.336703,6.259251,R,18.873404,0.510092,27.027027027026975,2013,sparse
631,4.329421,6.035831,R,5.404315,0.308818,72.72727272727275,2013,sparse
632,4.310359,6.190186,U,8.455919999999999,0.176165,20.83333333333337,2013,sparse
633,4.866164,5.814328,R,6.520206,1.185492,186.4935064935066,2013,sparse
634,5.011625,5.81876,R,10.068433999999996,0.428444,65.76402321083175,2013,sparse
635,4.893463,5.735603,R,9.208992000000002,0.177096,19.230769230769273,2013,sparse
636,5.132397,5.922074,R,11.635883999999999,1.4854319999999999,129.7353399065907,2013,sparse
637,4.95931,5.631937,U,7.367346,0.175413,23.809523809523835,2013,sparse
638,5.071501,5.863852,U,12.012623999999999,0.231012,22.727272727272705,2013,sparse
639,0.0,0.0,R,14.818976999999997,0.548851,62.5,2013,sparse
640,4.534514,6.392616,U,6.69665,0.535732,127.27272727272731,2013,sparse
641,4.687263,6.318596,R,5.069375999999999,0.779904,180.16194331983803,2013,sparse
642,4.785544,6.314492,R,14.448768999999999,1.409636,113.39323919554988,2013,sparse
643,4.830457,6.317071,R,7.409087999999998,0.584928,84.21052631578951,2013,sparse
644,4.758095,5.977875,R,4.611058000000001,0.318004,73.10344827586202,2013,sparse
645,4.767857,6.150217,R,8.470464000000002,1.76468,216.78321678321677,2013,sparse
646,4.593376,5.668155,R,17.914644,0.542868,30.303030303030276,2013,sparse
647,4.711195,6.039983,R,11.521150000000004,1.4866,129.03225806451601,2013,sparse
648,5.253494,6.520343,R,13.347935999999997,0.370776,27.77777777777779,2013,sparse
649,5.21344,6.528436,R,15.254783999999997,0.0,0.0,2013,sparse
650,5.043298,6.393028,U,9.51964,0.0,0.0,2013,sparse
651,5.00182,6.362631,U,13.436528,0.0,0.0,2013,sparse
652,5.910192,8.092837,R,7.6248679999999975,0.663032,131.22171945701356,2013,sparse
653,5.318052,8.587127,R,7.94874,0.0,0.0,2013,sparse
654,5.350739,8.324381,R,14.272581,2.482188,188.40579710144934,2013,sparse
655,4.882177,8.425215,R,9.885140999999997,0.941442,95.23809523809523,2013,sparse
656,4.884884,8.470668,R,3.689367,0.335397,90.90909090909093,2013,sparse
657,6.56307,8.808679,R,7.611419999999999,0.0,0.0,2013,sparse
658,6.442639,8.931405,R,19.443440999999996,0.845367,43.47826086956519,2013,sparse
659,6.463712,8.95124,R,31.750621,1.094849,34.482758620689616,2013,sparse
660,4.968501,8.339671,U,12.429450000000003,0.0,0.0,2013,sparse
661,4.923228,8.328329,U,12.877292999999998,0.0,0.0,2013,sparse
662,5.939873,8.850426,R,20.49972300000001,2.827548,167.03507220748602,2013,sparse
663,6.029597,8.872977,R,5.527548,0.0,0.0,2013,sparse
664,5.986337,8.736251,U,47.547405,1.761015,38.46153846153844,2013,sparse
665,6.628065,9.242049,R,44.38177800000001,0.0,0.0,2013,sparse
666,6.183286,8.368608,R,27.5946,1.37973,51.35135135135127,2013,sparse
667,5.829562,8.412643,R,12.302340000000003,0.820156,102.38095238095235,2013,sparse
668,5.161451,8.310817,R,18.168180000000007,1.816818,136.90476190476187,2013,sparse
669,5.167982,8.154067,R,34.876506000000006,1.660786,58.82352941176472,2013,sparse
670,5.271364,7.95072,R,5.757435000000001,0.767658,133.33333333333331,2013,sparse
671,5.791067,8.059671,R,29.868694,5.270946,245.0980392156863,2013,sparse
672,5.74557,8.198888,R,16.442622999999998,1.133974,68.96551724137923,2013,sparse
673,6.735454,8.448336,R,116.98161999999999,7.162139999999999,77.12590639419913,2013,complete
674,6.810321,8.808429,R,24.597748000000003,1.756982,71.4285714285714,2013,sparse
675,6.322981,6.416071,R,19.645248,1.870976,97.74436090225558,2013,sparse
676,6.31111,6.483406,U,21.879804000000004,1.508952,81.73913043478265,2013,sparse
677,5.313626,5.788037,R,18.196398,2.205624,134.72893183038104,2013,sparse
678,5.347705,5.866577,R,14.631312000000001,2.018112,139.3103448275862,2013,sparse
679,5.358943,5.704635,R,26.77764,2.89488,127.25225225225233,2013,sparse
680,5.353119,5.386393,R,17.226425,0.689057,50.00000000000004,2013,sparse
681,5.587919,5.977939,R,16.859375,0.0,0.0,2013,sparse
682,5.829083,5.829137,U,10.863254999999995,0.278545,25.64102564102566,2013,sparse
683,5.936639,5.651535,U,26.178635,1.495922,77.38095238095244,2013,sparse
684,6.098491,6.173061,R,17.330356,2.7363720000000002,164.91228070175436,2013,sparse
685,6.266207,6.187649,U,17.092416,2.136552,166.66666666666674,2013,sparse
686,5.468735,6.070703,R,11.780639999999998,0.589032,50.00000000000004,2013,sparse
687,5.727279,5.753006,R,18.24967,1.07351,81.63265306122457,2013,sparse
688,6.12839,6.746714,U,51.46337899999999,11.620763,250.93052109181147,2013,complete
689,5.229959,6.195732,U,30.601692,0.0,0.0,2013,sparse
690,5.168889,5.931465,U,31.902127000000007,1.387049,43.47826086956519,2013,sparse
691,5.900629,5.664856,U,11.183208,0.465967,45.45454545454541,2013,sparse
692,5.549492,6.077196,U,34.688092,2.040476,66.74208144796378,2013,sparse
693,5.324094,5.800796,R,18.566044,0.0,0.0,2013,sparse
694,5.382238,5.781858,R,57.674577000000006,2.813394,53.084648493543774,2013,complete
695,5.848891,6.136667,U,22.482278000000004,1.729406,99.99999999999997,2013,sparse
696,5.524991,5.78509,R,25.758757,0.0,0.0,2013,sparse
697,5.522333,5.764908,U,18.264489999999995,0.0,0.0,2013,sparse
698,5.445797,5.470353,R,21.981456,1.570104,90.8540711845196,2013,sparse
699,6.353044,5.581832,R,19.85304,0.82721,41.66666666666663,2013,sparse
700,6.38605,5.615041,U,31.752857000000013,1.380559,43.47826086956519,2013,sparse
701,6.379455,5.628859,U,17.895175000000002,0.0,0.0,2013,sparse
702,6.361278,5.58518,U,18.910477,1.112381,76.92307692307698,2013,sparse
703,6.338824,5.594767,U,15.361455999999997,0.698248,45.45454545454541,2013,sparse
704,6.329108,5.578549,U,14.663219999999995,0.0,0.0,2013,sparse
705,6.797827,6.254015,U,12.442761,0.0,0.0,2013,sparse
706,6.770334,6.350085,U,8.391854999999996,0.270705,47.61904761904767,2013,sparse
707,6.741496,6.325082,U,27.403357999999997,0.0,0.0,2013,sparse
708,6.519155,6.321776,U,9.201757999999998,0.317302,50.00000000000004,2013,sparse
709,6.614066,6.102107,R,13.865425000000002,2.773085,244.77294685990336,2013,sparse
710,6.755313,6.083499,U,9.166322,0.482438,52.631578947368475,2013,sparse
711,7.090224,6.508909,U,10.399389,0.315133,30.303030303030276,2013,sparse
712,7.112295,6.648608,R,7.517094000000001,0.884364,122.6890756302521,2013,sparse
713,6.327319,5.662666,U,22.014825,1.761186,100.00000000000009,2013,sparse
714,6.288427,5.689869,U,25.100712000000005,0.929656,45.45454545454541,2013,sparse
715,6.300623,6.004428,R,9.471703,0.0,0.0,2013,sparse
716,6.208886,5.43514,R,23.161896000000002,2.573544,125.51440329218111,2013,sparse
717,6.671803,5.391137,R,20.90540999999999,2.090541,170.37037037037038,2013,sparse
718,6.619562,5.131794,R,13.548750000000002,0.0,0.0,2013,sparse
719,6.790872,5.27493,R,17.294208,0.0,0.0,2013,sparse
720,6.961829,6.012319,R,17.102675,0.0,0.0,2013,sparse
721,6.860848,5.950018,R,39.880511999999996,1.424304,35.7142857142857,2013,sparse
722,4.889928,6.664562,R,24.820598999999994,2.0124809999999997,117.83783783783797,2013,sparse
723,5.119204,6.658712,R,35.174938,2.852022,95.13513513513504,2013,sparse
724,5.168308,6.514566,R,35.829674000000004,0.0,0.0,2013,sparse
725,5.155016,6.573446,R,37.680975,4.521717,141.33333333333331,2013,sparse
726,4.731881,6.77287,U,28.008693000000008,2.897451,117.96733212341192,2013,sparse
727,4.53797,7.260129,R,6.938624,0.0,0.0,2013,sparse
728,4.478648,7.496496,R,6.7695599999999985,0.32236,55.55555555555558,2013,sparse
729,4.72675,6.869859,U,14.998828000000001,0.576878,38.46153846153844,2013,sparse
730,4.488672,7.163978,R,52.54014199999998,7.995239000000001,241.02806122448982,2013,complete
731,4.482022,7.128664,R,30.894336000000003,2.574528,83.33333333333337,2013,sparse
732,4.398368,7.16063,U,49.89509999999999,0.0,0.0,2013,sparse
733,4.784003,7.156231,U,55.376425,4.430114,79.99999999999996,2013,complete
734,4.79089,7.121383,U,16.101054,0.894503,55.55555555555558,2013,sparse
735,5.070138,6.727293,U,47.33635700000001,2.558722,67.4285714285715,2013,sparse
736,4.896903,7.131717,U,48.019607,6.263427,157.1906354515049,2013,sparse
737,4.684547,7.299867,R,38.465033000000005,2.262649,58.82352941176472,2013,sparse
738,4.707788,7.293326,R,48.57921999999998,4.22428,86.9565217391305,2013,sparse
739,4.730406,7.449204,R,12.769105,0.0,0.0,2013,sparse
740,4.738061,7.436819,R,8.345463,0.0,0.0,2013,sparse
741,4.860163,7.039834,U,49.55910000000001,4.95591,99.99999999999997,2013,sparse
742,4.804074,6.974081,U,45.47349799999999,2.393342,52.631578947368475,2013,sparse
743,5.167839,7.252561,R,11.01951,0.0,0.0,2013,sparse
744,4.806625,7.004798,U,10.421983,2.4050730000000002,230.76923076923083,2013,sparse
745,4.763969,7.033651,U,15.412608,0.0,0.0,2013,sparse
746,7.621443,5.224215,U,4.473144,0.372762,99.99999999999997,2013,sparse
747,7.600355,5.218242,U,11.743704000000001,0.0,0.0,2013,sparse
748,7.636652,5.229608,U,17.404958999999998,1.582269,90.90909090909093,2013,sparse
749,7.601959,5.417433,R,5.601408,0.350088,62.5,2013,sparse
750,7.638459,5.408666,U,16.375011999999998,0.963236,58.82352941176472,2013,sparse
751,7.650429,5.532054,U,6.129960000000001,0.0,0.0,2013,sparse
752,7.661944,4.928211,U,4.799406,0.564636,117.64705882352943,2013,sparse
753,7.784205,5.714917,R,13.09488,0.0,0.0,2013,sparse
754,7.766514,5.739296,U,10.165616999999996,0.0,0.0,2013,sparse
755,7.797304,5.691788,U,10.377760000000004,0.84144,84.56843940714909,2013,sparse
756,7.731733,5.735602,U,8.181192000000001,1.422816,181.5856777493605,2013,sparse
757,7.500424,5.080702,U,9.546695999999999,0.530372,55.55555555555558,2013,sparse
758,7.603704,5.1125,U,1.84048,0.0,0.0,2013,sparse
759,7.809784,4.926864,R,8.051904,0.670992,98.03921568627449,2013,sparse
760,7.596037,5.014826,R,7.36032,0.30668,58.82352941176472,2013,sparse
761,7.832773,5.022428,R,8.608368,1.076046,125.0,2013,sparse
762,7.49193,5.243404,U,10.166472,0.0,0.0,2013,sparse
763,7.930775,5.444364,R,6.18554,0.0,0.0,2013,sparse
764,7.707998,5.498398,U,7.462784,0.533056,71.4285714285714,2013,sparse
765,7.656989,5.117314,U,11.970179999999997,0.44334,37.03703703703709,2013,sparse
766,7.988353,5.129855,U,4.309248,0.807984,187.5,2013,sparse
767,7.81466,5.364321,U,8.843399999999999,0.58956,79.36507936507931,2013,sparse
768,7.753973,5.391413,U,6.967700000000002,0.69677,155.55555555555566,2013,sparse
769,6.61941,3.30945,U,19.539146,0.888143,45.45454545454541,2013,sparse
770,6.616169,3.331314,U,19.017343000000007,1.653682,93.82151029748287,2013,sparse
771,6.470467,3.343744,U,54.79663200000002,2.490756,45.995670995671034,2013,complete
772,6.459342,3.348361,U,19.377875999999997,1.384134,71.4285714285714,2013,sparse
773,6.442687,3.336106,U,23.662181999999998,1.245378,52.631578947368475,2013,sparse
774,6.638924,3.252902,U,39.112755,2.37047,60.60606060606055,2013,sparse
775,6.617081,3.295842,U,70.970844,0.0,0.0,2013,complete
776,6.575455,3.279536,U,15.406928,0.962933,62.5,2013,sparse
777,6.57413,3.285036,U,43.237953,3.930723,90.90909090909093,2013,sparse
778,6.548487,3.215624,U,22.657634,3.998406,179.8642533936652,2013,sparse
779,6.502339,3.270671,U,16.0209,0.7629,47.61904761904767,2013,sparse
780,6.447588,3.251606,U,64.504175,0.0,0.0,2013,complete
781,6.463513,3.352559,U,14.738900000000001,0.66995,71.4285714285714,2013,sparse
782,6.500041,2.938151,U,72.20530099999999,16.899113,243.68351063829797,2013,complete
783,6.64994,3.910928,U,10.012584,0.0,0.0,2013,sparse
784,6.438933,3.456276,U,6.566164,0.0,0.0,2013,sparse
785,6.445026,3.88153,U,69.74114,3.985208,62.068965517241395,2013,complete
786,6.664309,3.319716,U,51.501762,7.923348,153.84615384615387,2013,complete
787,6.639023,3.340625,U,30.961997999999998,1.720111,55.55555555555558,2013,sparse
788,6.592214,3.320447,U,32.547648,0.0,0.0,2013,sparse
789,6.670126,3.678613,U,46.088489999999986,7.681415,202.27272727272728,2013,sparse
790,6.609875,3.519448,U,33.100829999999995,2.837214,85.71428571428574,2013,sparse
791,6.635127,3.389213,U,39.757057,0.0,0.0,2013,sparse
792,6.59129,3.392553,U,21.272148000000005,0.0,0.0,2013,sparse
793,6.565796,3.375848,U,8.944578,0.0,0.0,2013,sparse
794,6.461548,3.390604,U,10.221651000000001,1.135739,111.11111111111116,2013,sparse
795,6.505343,3.38247,U,16.554299999999998,1.18245,76.92307692307698,2013,sparse
796,6.475143,3.368449,U,25.80166,2.580166,102.77777777777786,2013,sparse
797,6.533927,3.344542,U,9.813543999999998,2.264664,230.76923076923083,2013,sparse
798,6.549926,3.363395,U,2.28489,0.456978,199.99999999999994,2013,sparse
799,6.512886,3.204782,U,51.686144,3.230384,62.5,2013,complete
800,6.472924,3.16322,U,102.68009500000001,2.933717,28.57142857142858,2013,complete
801,6.452499,3.212518,U,39.87087299999999,0.0,0.0,2013,sparse
802,6.556822,3.342548,U,27.349291000000004,1.886158,68.96551724137933,2013,sparse
803,6.536668,3.33509,U,42.385572,1.569836,45.45454545454541,2013,sparse
804,6.537999,3.28938,U,24.88448,0.0,0.0,2013,sparse
805,6.530499,3.389973,U,30.059127000000004,0.0,0.0,2013,sparse
806,6.529581,3.377936,U,17.072352000000002,0.0,0.0,2013,sparse
807,6.499322,3.366342,U,22.897052,1.205108,125.0,2013,sparse
808,6.480618,3.337885,U,33.682512,2.806876,92.10526315789468,2013,sparse
809,7.16204,3.333034,U,52.431275,3.61595,73.10344827586202,2013,complete
810,7.147947,3.352908,U,23.58807999999999,0.0,0.0,2013,sparse
811,7.157334,3.339715,U,18.445308,0.878348,47.61904761904767,2013,sparse
812,6.577926,2.924615,U,8.393047000000001,1.9368570000000003,274.72527472527463,2013,sparse
813,6.676534,3.240034,U,41.291824,0.0,0.0,2013,sparse
814,7.048393,3.016593,R,15.696114000000001,0.747434,47.61904761904767,2013,sparse
815,6.808987,2.837764,R,25.878111999999994,1.990624,110.11904761904756,2013,sparse
816,6.681234,2.999482,U,57.506256000000015,7.98698,146.6666666666666,2013,complete
817,6.899918,3.107896,R,78.09778799999998,10.846915,145.29914529914535,2013,complete
818,6.686471,3.296167,R,33.954471000000005,2.515146,74.07407407407396,2013,sparse
819,6.728114,3.36957,R,20.974345,2.46757,117.64705882352943,2013,sparse
820,6.705212,4.27012,R,40.83175200000001,3.140904,76.92307692307698,2013,sparse
821,6.68156,4.203928,R,62.397425,0.0,0.0,2013,complete
822,6.821738,3.899622,U,14.251533999999998,0.0,0.0,2013,sparse
823,6.896378,3.741044,R,6.9430559999999995,1.157176,266.66666666666663,2013,sparse
824,6.8612,3.705371,U,10.812942000000001,1.544706,164.28571428571425,2013,sparse
825,6.902288,3.660126,U,11.891429999999998,2.378286,257.1428571428571,2013,sparse
826,7.456658,2.851144,U,25.496328,0.980628,50.00000000000004,2013,sparse
827,6.496145,2.81568,R,26.586739999999995,0.0,0.0,2013,sparse
828,6.964376,3.382977,R,20.51995,0.820798,71.4285714285714,2013,sparse
829,6.718104,3.861782,R,20.259019000000002,0.0,0.0,2013,sparse
830,6.736863,3.585146,R,8.871429,1.267347,142.85714285714292,2013,sparse
831,6.700079,3.497507,U,45.914714999999994,2.78271,60.60606060606055,2013,sparse
832,6.838489,3.637571,U,65.122723,0.0,0.0,2013,complete
833,7.518813,5.748877,U,28.520819999999993,0.950694,71.4285714285714,2013,sparse
834,7.592851,5.665532,U,11.505432,0.479393,83.33333333333337,2013,sparse
835,7.470266,5.725928,U,19.092416000000004,0.0,0.0,2013,sparse
836,7.272634,5.266349,R,27.481083000000005,1.308623,47.61904761904767,2013,sparse
837,7.268224,5.203634,U,26.446075,1.057843,40.000000000000036,2013,sparse
838,7.25022,5.217353,U,12.298924999999999,0.0,0.0,2013,sparse
839,7.223512,5.186448,U,19.468625999999997,0.0,0.0,2013,sparse
840,6.348133,4.965202,R,12.793282,0.752546,58.82352941176472,2013,sparse
841,6.077157,4.916499,R,23.63452,1.81804,95.11519576986028,2013,sparse
842,6.190728,4.864858,R,50.210688000000005,4.184224,95.98214285714279,2013,complete
843,7.31722,5.068757,R,12.031139999999999,0.802076,66.66666666666666,2013,sparse
844,6.17057,4.787601,R,17.513603999999997,0.648652,99.99999999999997,2013,sparse
845,5.943781,4.970736,R,45.90448800000001,7.650748,187.02553485162176,2013,sparse
846,7.352285,4.796001,R,11.883018999999999,0.516653,58.82352941176472,2013,sparse
847,7.312327,4.950901,R,5.711133,0.0,0.0,2013,sparse
848,7.231393,4.88692,U,32.597882,5.147034,169.17293233082708,2013,sparse
849,6.826696,4.998707,R,76.10171100000001,10.284015,159.39803439803424,2013,complete
850,6.899357,4.877271,R,15.845658000000002,1.667964,105.26315789473684,2013,sparse
851,6.588964,4.742865,U,9.858276,0.547682,55.55555555555558,2013,sparse
852,7.08376,4.841296,U,20.445866000000002,2.405396,193.27731092436971,2013,sparse
853,6.991184,5.737863,R,18.547904,2.89811,157.40740740740733,2013,sparse
854,6.813019,5.56284,R,9.363685,0.550805,58.82352941176472,2013,sparse
855,7.302465,5.844572,U,13.271067,0.915246,71.61803713527848,2013,sparse
856,7.206989,5.57933,U,47.581925000000005,3.806554,100.00000000000009,2013,sparse
857,7.936112,4.842134,U,5.210790000000001,0.347386,66.66666666666666,2013,sparse
858,7.737596,4.438466,U,5.9639489999999995,0.0,0.0,2013,sparse
859,7.77974,4.363719,R,4.2655080000000005,0.0,0.0,2013,sparse
860,7.844756,4.322826,U,10.363104,0.647694,62.5,2013,sparse
861,7.909457,4.32279,U,21.640509,1.9673190000000003,119.31818181818177,2013,sparse
862,7.523577,4.548636,U,11.265233,0.0,0.0,2013,sparse
863,7.284158,4.573843,R,9.699910000000003,0.0,0.0,2013,sparse
864,7.472071,4.543945,U,63.973872,0.0,0.0,2013,complete
865,7.533836,4.456969,R,17.867456,0.0,0.0,2013,sparse
866,7.422674,4.423452,R,11.849926000000005,0.0,0.0,2013,sparse
867,7.507132,4.444926,U,10.181486999999999,0.0,0.0,2013,sparse
868,7.226806,4.6323,R,21.242694,1.931154,90.90909090909093,2013,sparse
869,7.943531,4.975165,U,45.66079000000002,4.72353,103.44827586206884,2013,sparse
870,7.927627,4.647344,U,11.779425000000002,0.0,0.0,2013,sparse
871,7.598018,4.754377,U,16.758924,0.0,0.0,2013,sparse
872,7.626785,4.781214,U,7.467063999999999,0.0,0.0,2013,sparse
873,7.820349,4.476174,U,25.326245999999998,0.0,0.0,2013,sparse
874,7.851938,4.489835,U,15.900268999999996,1.2892109999999999,98.4136310223267,2013,sparse
875,7.370054,4.191196,U,21.588144,0.0,0.0,2013,sparse
876,7.630006,4.187176,U,17.193519,0.0,0.0,2013,sparse
877,7.757198,4.895896,U,12.839619999999998,1.9259430000000002,171.79487179487185,2013,sparse
878,7.788361,4.570694,U,28.262817,2.093542,77.1604938271604,2013,sparse
879,7.817645,4.58984,U,27.520453999999994,3.1754369999999996,115.38461538461542,2013,sparse
880,7.464924,4.890661,R,21.176074999999997,0.0,0.0,2013,sparse
881,7.487044,3.921865,U,62.62535999999997,2.087512,40.000000000000036,2013,complete
882,7.852112,3.93718,U,42.86853000000001,0.0,0.0,2013,sparse
883,8.407709,3.361593,R,25.942518000000003,1.441251,55.55555555555558,2013,sparse
884,7.444895,4.012999,U,17.757207000000005,0.0,0.0,2013,sparse
885,7.400486,4.004473,U,67.62362999999999,4.508242,69.13580246913587,2013,complete
886,7.399073,3.884338,U,19.883488999999997,2.339234,117.64705882352943,2013,sparse
887,7.394563,3.938887,U,68.214848,2.623648,55.55555555555558,2013,complete
888,7.376449,3.903099,U,20.28708,1.12706,55.55555555555558,2013,sparse
889,7.35467,3.898075,U,39.001955,4.034685,120.68965517241381,2013,sparse
890,7.378865,3.823142,U,23.836133999999994,0.0,0.0,2013,sparse
891,7.379535,3.902973,U,22.051788000000002,0.0,0.0,2013,sparse
892,7.566977,3.151428,R,18.251414999999998,1.042938,57.14285714285716,2013,sparse
893,7.697898,3.184577,U,31.613352,7.903338,310.290404040404,2013,sparse
894,8.967464,3.80655,R,67.088127,3.120378,55.64387917329094,2013,complete
895,7.961424,3.591342,U,28.391916000000002,0.0,0.0,2013,sparse
896,8.15526,3.401223,R,10.23759,0.62046,60.60606060606055,2013,sparse
897,8.090308,3.340539,U,17.0368,0.7744,62.5,2013,sparse
898,8.137686,4.262464,U,42.157548000000006,0.0,0.0,2013,sparse
899,7.353159,3.929197,U,53.128872,1.967736,37.03703703703698,2013,complete
900,7.36856,3.937503,U,45.08241999999999,2.254121,125.0,2013,sparse
901,8.570109,3.547449,R,99.80003600000002,0.0,0.0,2013,complete
902,8.765458,3.603125,R,133.38692500000002,22.86633,194.80519480519487,2013,complete
903,8.660406,3.52278,R,50.276789999999984,1.117262,23.255813953488413,2013,complete
904,8.687992,3.412814,U,101.80361299999997,8.254347,98.64864864864865,2013,complete
